"species_slug","move_slug"
"abomasnow","aurora-veil"
"abomasnow","avalanche"
"abomasnow","blizzard"
"abomasnow","body-press"
"abomasnow","body-slam"
"abomasnow","brick-break"
"abomasnow","bulldoze"
"abomasnow","bullet-seed"
"abomasnow","chilling-water"
"abomasnow","curse"
"abomasnow","double-edge"
"abomasnow","earth-power"
"abomasnow","earthquake"
"abomasnow","endure"
"abomasnow","energy-ball"
"abomasnow","facade"
"abomasnow","fling"
"abomasnow","focus-blast"
"abomasnow","focus-punch"
"abomasnow","frost-breath"
"abomasnow","giga-drain"
"abomasnow","giga-impact"
"abomasnow","grass-knot"
"abomasnow","grassy-glide"
"abomasnow","growth"
"abomasnow","hard-press"
"abomasnow","helping-hand"
"abomasnow","hyper-beam"
"abomasnow","ice-beam"
"abomasnow","ice-hammer"
"abomasnow","ice-punch"
"abomasnow","ice-shard"
"abomasnow","ice-spinner"
"abomasnow","icicle-spear"
"abomasnow","icy-wind"
"abomasnow","ingrain"
"abomasnow","iron-tail"
"abomasnow","leaf-storm"
"abomasnow","leech-seed"
"abomasnow","low-kick"
"abomasnow","mega-kick"
"abomasnow","mud-slap"
"abomasnow","outrage"
"abomasnow","protect"
"abomasnow","rain-dance"
"abomasnow","rest"
"abomasnow","rock-slide"
"abomasnow","rock-tomb"
"abomasnow","round"
"abomasnow","scary-face"
"abomasnow","seed-bomb"
"abomasnow","shadow-ball"
"abomasnow","sheer-cold"
"abomasnow","sleep-talk"
"abomasnow","snore"
"abomasnow","snowscape"
"abomasnow","solar-beam"
"abomasnow","stomping-tantrum"
"abomasnow","substitute"
"abomasnow","swagger"
"abomasnow","swords-dance"
"abomasnow","trailblaze"
"abomasnow","water-pulse"
"abomasnow","weather-ball"
"abomasnow","wood-hammer"
"absol","aerial-ace"
"absol","air-slash"
"absol","assurance"
"absol","attract"
"absol","baton-pass"
"absol","bite"
"absol","blizzard"
"absol","body-slam"
"absol","bounce"
"absol","brutal-swing"
"absol","calm-mind"
"absol","close-combat"
"absol","confuse-ray"
"absol","curse"
"absol","dark-pulse"
"absol","detect"
"absol","double-edge"
"absol","double-team"
"absol","endure"
"absol","facade"
"absol","feint"
"absol","fire-blast"
"absol","flamethrower"
"absol","focus-energy"
"absol","foul-play"
"absol","future-sight"
"absol","giga-impact"
"absol","hex"
"absol","hyper-beam"
"absol","ice-beam"
"absol","icy-wind"
"absol","iron-tail"
"absol","knock-off"
"absol","mean-look"
"absol","megahorn"
"absol","night-slash"
"absol","payback"
"absol","perish-song"
"absol","phantom-force"
"absol","play-rough"
"absol","protect"
"absol","psycho-cut"
"absol","quick-attack"
"absol","rain-dance"
"absol","rest"
"absol","rock-slide"
"absol","rock-tomb"
"absol","round"
"absol","sandstorm"
"absol","shadow-ball"
"absol","shadow-claw"
"absol","shadow-sneak"
"absol","sleep-talk"
"absol","snarl"
"absol","snore"
"absol","stone-edge"
"absol","substitute"
"absol","sucker-punch"
"absol","sunny-day"
"absol","superpower"
"absol","swords-dance"
"absol","taunt"
"absol","thief"
"absol","throat-chop"
"absol","thunder"
"absol","thunder-wave"
"absol","thunderbolt"
"absol","trailblaze"
"absol","will-o-wisp"
"absol","x-scissor"
"absol","zen-headbutt"
"aegislash","aerial-ace"
"aegislash","air-slash"
"aegislash","attract"
"aegislash","block"
"aegislash","brick-break"
"aegislash","brutal-swing"
"aegislash","close-combat"
"aegislash","destiny-bond"
"aegislash","double-hit"
"aegislash","endure"
"aegislash","facade"
"aegislash","flash-cannon"
"aegislash","giga-impact"
"aegislash","gyro-ball"
"aegislash","head-smash"
"aegislash","hyper-beam"
"aegislash","iron-defense"
"aegislash","iron-head"
"aegislash","kings-shield"
"aegislash","metal-sound"
"aegislash","night-slash"
"aegislash","poltergeist"
"aegislash","power-trick"
"aegislash","protect"
"aegislash","psycho-cut"
"aegislash","rain-dance"
"aegislash","reflect"
"aegislash","rest"
"aegislash","reversal"
"aegislash","rock-slide"
"aegislash","round"
"aegislash","sacred-sword"
"aegislash","screech"
"aegislash","shadow-ball"
"aegislash","shadow-claw"
"aegislash","shadow-sneak"
"aegislash","sleep-talk"
"aegislash","snore"
"aegislash","solar-blade"
"aegislash","steel-beam"
"aegislash","substitute"
"aegislash","sunny-day"
"aegislash","swords-dance"
"aegislash","wide-guard"
"aegislash","zen-headbutt"
"aerodactyl","aerial-ace"
"aerodactyl","agility"
"aerodactyl","ancient-power"
"aerodactyl","assurance"
"aerodactyl","attract"
"aerodactyl","bite"
"aerodactyl","brutal-swing"
"aerodactyl","bulldoze"
"aerodactyl","crunch"
"aerodactyl","curse"
"aerodactyl","dragon-claw"
"aerodactyl","dragon-dance"
"aerodactyl","dragon-pulse"
"aerodactyl","dual-wingbeat"
"aerodactyl","earth-power"
"aerodactyl","earthquake"
"aerodactyl","endure"
"aerodactyl","facade"
"aerodactyl","fire-blast"
"aerodactyl","fire-fang"
"aerodactyl","flamethrower"
"aerodactyl","fly"
"aerodactyl","giga-impact"
"aerodactyl","heat-wave"
"aerodactyl","hurricane"
"aerodactyl","hyper-beam"
"aerodactyl","ice-fang"
"aerodactyl","iron-head"
"aerodactyl","iron-tail"
"aerodactyl","meteor-beam"
"aerodactyl","payback"
"aerodactyl","protect"
"aerodactyl","psychic-fangs"
"aerodactyl","rain-dance"
"aerodactyl","rest"
"aerodactyl","roar"
"aerodactyl","rock-blast"
"aerodactyl","rock-slide"
"aerodactyl","rock-tomb"
"aerodactyl","roost"
"aerodactyl","round"
"aerodactyl","sandstorm"
"aerodactyl","scary-face"
"aerodactyl","sky-attack"
"aerodactyl","sleep-talk"
"aerodactyl","snore"
"aerodactyl","stealth-rock"
"aerodactyl","steel-wing"
"aerodactyl","stone-edge"
"aerodactyl","substitute"
"aerodactyl","sunny-day"
"aerodactyl","swagger"
"aerodactyl","tailwind"
"aerodactyl","taunt"
"aerodactyl","thief"
"aerodactyl","thunder-fang"
"aerodactyl","whirlwind"
"aerodactyl","wide-guard"
"aggron","ancient-power"
"aggron","attract"
"aggron","avalanche"
"aggron","blizzard"
"aggron","body-press"
"aggron","body-slam"
"aggron","brick-break"
"aggron","brutal-swing"
"aggron","bulldoze"
"aggron","crunch"
"aggron","curse"
"aggron","dark-pulse"
"aggron","dig"
"aggron","double-edge"
"aggron","dragon-claw"
"aggron","dragon-pulse"
"aggron","dragon-rush"
"aggron","earth-power"
"aggron","earthquake"
"aggron","endeavor"
"aggron","endure"
"aggron","facade"
"aggron","fire-blast"
"aggron","fire-punch"
"aggron","flamethrower"
"aggron","flash-cannon"
"aggron","fling"
"aggron","focus-blast"
"aggron","giga-impact"
"aggron","head-smash"
"aggron","heavy-slam"
"aggron","high-horsepower"
"aggron","hydro-pump"
"aggron","hyper-beam"
"aggron","ice-beam"
"aggron","ice-punch"
"aggron","icy-wind"
"aggron","iron-defense"
"aggron","iron-head"
"aggron","iron-tail"
"aggron","low-kick"
"aggron","mega-kick"
"aggron","metal-burst"
"aggron","metal-sound"
"aggron","meteor-beam"
"aggron","mud-slap"
"aggron","outrage"
"aggron","payback"
"aggron","protect"
"aggron","rain-dance"
"aggron","rest"
"aggron","reversal"
"aggron","roar"
"aggron","rock-blast"
"aggron","rock-slide"
"aggron","rock-tomb"
"aggron","round"
"aggron","sand-tomb"
"aggron","sandstorm"
"aggron","scary-face"
"aggron","screech"
"aggron","shadow-claw"
"aggron","sleep-talk"
"aggron","smart-strike"
"aggron","snore"
"aggron","solar-beam"
"aggron","stealth-rock"
"aggron","steel-beam"
"aggron","steel-roller"
"aggron","stomping-tantrum"
"aggron","stone-edge"
"aggron","substitute"
"aggron","sunny-day"
"aggron","superpower"
"aggron","surf"
"aggron","swagger"
"aggron","taunt"
"aggron","thunder"
"aggron","thunder-punch"
"aggron","thunder-wave"
"aggron","thunderbolt"
"aggron","uproar"
"aggron","whirlpool"
"alakazam","ally-switch"
"alakazam","attract"
"alakazam","body-slam"
"alakazam","calm-mind"
"alakazam","dazzling-gleam"
"alakazam","disable"
"alakazam","double-team"
"alakazam","drain-punch"
"alakazam","encore"
"alakazam","endure"
"alakazam","energy-ball"
"alakazam","expanding-force"
"alakazam","facade"
"alakazam","fire-punch"
"alakazam","fling"
"alakazam","focus-blast"
"alakazam","foul-play"
"alakazam","future-sight"
"alakazam","giga-impact"
"alakazam","grass-knot"
"alakazam","guard-split"
"alakazam","guard-swap"
"alakazam","hyper-beam"
"alakazam","ice-punch"
"alakazam","imprison"
"alakazam","iron-tail"
"alakazam","light-screen"
"alakazam","magic-room"
"alakazam","mega-kick"
"alakazam","nasty-plot"
"alakazam","power-swap"
"alakazam","protect"
"alakazam","psychic"
"alakazam","psychic-terrain"
"alakazam","psycho-cut"
"alakazam","psyshock"
"alakazam","rain-dance"
"alakazam","recover"
"alakazam","reflect"
"alakazam","rest"
"alakazam","role-play"
"alakazam","round"
"alakazam","safeguard"
"alakazam","shadow-ball"
"alakazam","skill-swap"
"alakazam","sleep-talk"
"alakazam","snore"
"alakazam","speed-swap"
"alakazam","stored-power"
"alakazam","substitute"
"alakazam","sunny-day"
"alakazam","taunt"
"alakazam","thief"
"alakazam","thunder-punch"
"alakazam","thunder-wave"
"alakazam","tri-attack"
"alakazam","trick"
"alakazam","trick-room"
"alakazam","wonder-room"
"alakazam","zen-headbutt"
"alcremie","acid-armor"
"alcremie","alluring-voice"
"alcremie","aromatic-mist"
"alcremie","attract"
"alcremie","baby-doll-eyes"
"alcremie","calm-mind"
"alcremie","charm"
"alcremie","dazzling-gleam"
"alcremie","decorate"
"alcremie","drain-punch"
"alcremie","draining-kiss"
"alcremie","encore"
"alcremie","endeavor"
"alcremie","endure"
"alcremie","energy-ball"
"alcremie","entrainment"
"alcremie","facade"
"alcremie","fake-tears"
"alcremie","fling"
"alcremie","giga-drain"
"alcremie","giga-impact"
"alcremie","helping-hand"
"alcremie","hyper-beam"
"alcremie","imprison"
"alcremie","last-resort"
"alcremie","light-screen"
"alcremie","magic-room"
"alcremie","misty-explosion"
"alcremie","misty-terrain"
"alcremie","mystical-fire"
"alcremie","pain-split"
"alcremie","play-rough"
"alcremie","protect"
"alcremie","psych-up"
"alcremie","psychic"
"alcremie","psyshock"
"alcremie","recover"
"alcremie","rest"
"alcremie","round"
"alcremie","safeguard"
"alcremie","sleep-talk"
"alcremie","snore"
"alcremie","solar-beam"
"alcremie","stored-power"
"alcremie","substitute"
"alcremie","sweet-kiss"
"alcremie","sweet-scent"
"alcremie","tri-attack"
"alcremie","wonder-room"
"altaria","acrobatics"
"altaria","aerial-ace"
"altaria","agility"
"altaria","alluring-voice"
"altaria","body-slam"
"altaria","brave-bird"
"altaria","breaking-swipe"
"altaria","bulldoze"
"altaria","cotton-guard"
"altaria","dazzling-gleam"
"altaria","defog"
"altaria","double-edge"
"altaria","draco-meteor"
"altaria","dragon-cheer"
"altaria","dragon-claw"
"altaria","dragon-dance"
"altaria","dragon-pulse"
"altaria","dragon-rush"
"altaria","dual-wingbeat"
"altaria","earthquake"
"altaria","endeavor"
"altaria","endure"
"altaria","facade"
"altaria","feather-dance"
"altaria","fire-blast"
"altaria","fire-spin"
"altaria","flamethrower"
"altaria","fly"
"altaria","giga-impact"
"altaria","haze"
"altaria","heat-wave"
"altaria","helping-hand"
"altaria","hurricane"
"altaria","hyper-beam"
"altaria","hyper-voice"
"altaria","ice-beam"
"altaria","moonblast"
"altaria","outrage"
"altaria","perish-song"
"altaria","play-rough"
"altaria","pluck"
"altaria","power-swap"
"altaria","protect"
"altaria","rain-dance"
"altaria","rest"
"altaria","roar"
"altaria","roost"
"altaria","round"
"altaria","safeguard"
"altaria","sing"
"altaria","sky-attack"
"altaria","sleep-talk"
"altaria","snore"
"altaria","snowscape"
"altaria","solar-beam"
"altaria","steel-wing"
"altaria","substitute"
"altaria","sunny-day"
"altaria","tailwind"
"altaria","thief"
"altaria","trailblaze"
"altaria","uproar"
"altaria","weather-ball"
"altaria","will-o-wisp"
"altaria","wonder-room"
"ampharos","after-you"
"ampharos","agility"
"ampharos","body-slam"
"ampharos","breaking-swipe"
"ampharos","brick-break"
"ampharos","brutal-swing"
"ampharos","bulldoze"
"ampharos","charge"
"ampharos","charge-beam"
"ampharos","confuse-ray"
"ampharos","cotton-guard"
"ampharos","cotton-spore"
"ampharos","dazzling-gleam"
"ampharos","dig"
"ampharos","discharge"
"ampharos","double-edge"
"ampharos","dragon-cheer"
"ampharos","dragon-pulse"
"ampharos","dragon-tail"
"ampharos","eerie-impulse"
"ampharos","electric-terrain"
"ampharos","electro-ball"
"ampharos","electroweb"
"ampharos","endeavor"
"ampharos","endure"
"ampharos","facade"
"ampharos","fire-punch"
"ampharos","flatter"
"ampharos","fling"
"ampharos","focus-blast"
"ampharos","focus-punch"
"ampharos","giga-impact"
"ampharos","helping-hand"
"ampharos","hyper-beam"
"ampharos","ice-punch"
"ampharos","iron-tail"
"ampharos","light-screen"
"ampharos","low-kick"
"ampharos","magnetic-flux"
"ampharos","mega-kick"
"ampharos","meteor-beam"
"ampharos","outrage"
"ampharos","parabolic-charge"
"ampharos","power-gem"
"ampharos","protect"
"ampharos","rain-dance"
"ampharos","reflect"
"ampharos","rest"
"ampharos","rising-voltage"
"ampharos","roar"
"ampharos","round"
"ampharos","safeguard"
"ampharos","screech"
"ampharos","sleep-talk"
"ampharos","snore"
"ampharos","stomping-tantrum"
"ampharos","substitute"
"ampharos","sunny-day"
"ampharos","supercell-slam"
"ampharos","thunder"
"ampharos","thunder-punch"
"ampharos","thunder-wave"
"ampharos","thunderbolt"
"ampharos","trailblaze"
"ampharos","volt-switch"
"ampharos","wild-charge"
"ampharos","zap-cannon"
"appletun","amnesia"
"appletun","apple-acid"
"appletun","body-press"
"appletun","body-slam"
"appletun","bulldoze"
"appletun","bullet-seed"
"appletun","curse"
"appletun","draco-meteor"
"appletun","dragon-pulse"
"appletun","dragon-tail"
"appletun","earthquake"
"appletun","endure"
"appletun","energy-ball"
"appletun","facade"
"appletun","giga-drain"
"appletun","giga-impact"
"appletun","grass-knot"
"appletun","grassy-glide"
"appletun","grassy-terrain"
"appletun","growth"
"appletun","gyro-ball"
"appletun","heavy-slam"
"appletun","helping-hand"
"appletun","high-horsepower"
"appletun","hyper-beam"
"appletun","iron-defense"
"appletun","iron-head"
"appletun","leaf-storm"
"appletun","leech-seed"
"appletun","light-screen"
"appletun","outrage"
"appletun","pounce"
"appletun","protect"
"appletun","rain-dance"
"appletun","recover"
"appletun","recycle"
"appletun","reflect"
"appletun","rest"
"appletun","round"
"appletun","seed-bomb"
"appletun","sleep-talk"
"appletun","snore"
"appletun","solar-beam"
"appletun","stomping-tantrum"
"appletun","substitute"
"appletun","sucker-punch"
"appletun","sunny-day"
"appletun","superpower"
"appletun","sweet-scent"
"appletun","trailblaze"
"appletun","zen-headbutt"
"araquanid","aqua-ring"
"araquanid","attract"
"araquanid","bite"
"araquanid","blizzard"
"araquanid","body-slam"
"araquanid","bug-bite"
"araquanid","bug-buzz"
"araquanid","chilling-water"
"araquanid","crunch"
"araquanid","dive"
"araquanid","endeavor"
"araquanid","endure"
"araquanid","entrainment"
"araquanid","facade"
"araquanid","giga-drain"
"araquanid","giga-impact"
"araquanid","hydro-pump"
"araquanid","hyper-beam"
"araquanid","ice-beam"
"araquanid","icy-wind"
"araquanid","infestation"
"araquanid","iron-defense"
"araquanid","leech-life"
"araquanid","liquidation"
"araquanid","lunge"
"araquanid","magic-room"
"araquanid","mirror-coat"
"araquanid","poison-jab"
"araquanid","pounce"
"araquanid","power-split"
"araquanid","protect"
"araquanid","rain-dance"
"araquanid","reflect"
"araquanid","rest"
"araquanid","round"
"araquanid","scary-face"
"araquanid","skitter-smack"
"araquanid","sleep-talk"
"araquanid","snore"
"araquanid","soak"
"araquanid","spit-up"
"araquanid","sticky-web"
"araquanid","stockpile"
"araquanid","substitute"
"araquanid","surf"
"araquanid","trailblaze"
"araquanid","water-pulse"
"araquanid","waterfall"
"araquanid","wide-guard"
"araquanid","wonder-room"
"araquanid","x-scissor"
"arbok","acid-spray"
"arbok","beat-up"
"arbok","belch"
"arbok","bite"
"arbok","body-slam"
"arbok","breaking-swipe"
"arbok","brutal-swing"
"arbok","bulldoze"
"arbok","coil"
"arbok","crunch"
"arbok","dark-pulse"
"arbok","dig"
"arbok","double-edge"
"arbok","dragon-tail"
"arbok","earthquake"
"arbok","endure"
"arbok","facade"
"arbok","fire-fang"
"arbok","gastro-acid"
"arbok","giga-drain"
"arbok","giga-impact"
"arbok","glare"
"arbok","gunk-shot"
"arbok","haze"
"arbok","hyper-beam"
"arbok","ice-fang"
"arbok","iron-tail"
"arbok","knock-off"
"arbok","lash-out"
"arbok","leech-life"
"arbok","mud-shot"
"arbok","mud-slap"
"arbok","pain-split"
"arbok","payback"
"arbok","poison-fang"
"arbok","poison-jab"
"arbok","protect"
"arbok","psychic-fangs"
"arbok","rain-dance"
"arbok","rest"
"arbok","rock-slide"
"arbok","rock-tomb"
"arbok","round"
"arbok","scale-shot"
"arbok","scary-face"
"arbok","screech"
"arbok","seed-bomb"
"arbok","skitter-smack"
"arbok","sleep-talk"
"arbok","sludge-bomb"
"arbok","sludge-wave"
"arbok","snarl"
"arbok","snore"
"arbok","spit-up"
"arbok","spite"
"arbok","stockpile"
"arbok","stomping-tantrum"
"arbok","substitute"
"arbok","sucker-punch"
"arbok","sunny-day"
"arbok","swallow"
"arbok","switcheroo"
"arbok","thief"
"arbok","throat-chop"
"arbok","thunder-fang"
"arbok","toxic"
"arbok","toxic-spikes"
"arbok","trailblaze"
"arbok","venoshock"
"arbok","wrap"
"arcanine","aerial-ace"
"arcanine","agility"
"arcanine","bite"
"arcanine","body-slam"
"arcanine","bulldoze"
"arcanine","burn-up"
"arcanine","charm"
"arcanine","close-combat"
"arcanine","covet"
"arcanine","crunch"
"arcanine","curse"
"arcanine","dig"
"arcanine","double-edge"
"arcanine","dragon-pulse"
"arcanine","endure"
"arcanine","extreme-speed"
"arcanine","facade"
"arcanine","fire-blast"
"arcanine","fire-fang"
"arcanine","fire-spin"
"arcanine","flame-charge"
"arcanine","flamethrower"
"arcanine","flare-blitz"
"arcanine","giga-impact"
"arcanine","heat-crash"
"arcanine","heat-wave"
"arcanine","helping-hand"
"arcanine","howl"
"arcanine","hyper-beam"
"arcanine","hyper-voice"
"arcanine","iron-head"
"arcanine","iron-tail"
"arcanine","morning-sun"
"arcanine","outrage"
"arcanine","overheat"
"arcanine","play-rough"
"arcanine","protect"
"arcanine","psychic-fangs"
"arcanine","raging-fury"
"arcanine","rest"
"arcanine","reversal"
"arcanine","roar"
"arcanine","round"
"arcanine","scary-face"
"arcanine","scorching-sands"
"arcanine","sleep-talk"
"arcanine","snarl"
"arcanine","snore"
"arcanine","solar-beam"
"arcanine","substitute"
"arcanine","sunny-day"
"arcanine","temper-flare"
"arcanine","thief"
"arcanine","thrash"
"arcanine","thunder-fang"
"arcanine","wild-charge"
"arcanine","will-o-wisp"
"arcanine-hisui","aerial-ace"
"arcanine-hisui","agility"
"arcanine-hisui","bite"
"arcanine-hisui","body-slam"
"arcanine-hisui","bulldoze"
"arcanine-hisui","burn-up"
"arcanine-hisui","close-combat"
"arcanine-hisui","covet"
"arcanine-hisui","crunch"
"arcanine-hisui","dig"
"arcanine-hisui","double-edge"
"arcanine-hisui","dragon-pulse"
"arcanine-hisui","endure"
"arcanine-hisui","extreme-speed"
"arcanine-hisui","facade"
"arcanine-hisui","fire-blast"
"arcanine-hisui","fire-fang"
"arcanine-hisui","fire-spin"
"arcanine-hisui","flame-charge"
"arcanine-hisui","flamethrower"
"arcanine-hisui","flare-blitz"
"arcanine-hisui","giga-impact"
"arcanine-hisui","head-smash"
"arcanine-hisui","heat-crash"
"arcanine-hisui","heat-wave"
"arcanine-hisui","helping-hand"
"arcanine-hisui","howl"
"arcanine-hisui","hyper-beam"
"arcanine-hisui","hyper-voice"
"arcanine-hisui","iron-head"
"arcanine-hisui","iron-tail"
"arcanine-hisui","morning-sun"
"arcanine-hisui","outrage"
"arcanine-hisui","overheat"
"arcanine-hisui","power-gem"
"arcanine-hisui","protect"
"arcanine-hisui","psychic-fangs"
"arcanine-hisui","raging-fury"
"arcanine-hisui","rest"
"arcanine-hisui","reversal"
"arcanine-hisui","roar"
"arcanine-hisui","rock-blast"
"arcanine-hisui","rock-slide"
"arcanine-hisui","rock-tomb"
"arcanine-hisui","round"
"arcanine-hisui","sandstorm"
"arcanine-hisui","scary-face"
"arcanine-hisui","scorching-sands"
"arcanine-hisui","sleep-talk"
"arcanine-hisui","smack-down"
"arcanine-hisui","smart-strike"
"arcanine-hisui","snarl"
"arcanine-hisui","snore"
"arcanine-hisui","solar-beam"
"arcanine-hisui","stealth-rock"
"arcanine-hisui","stone-edge"
"arcanine-hisui","substitute"
"arcanine-hisui","sunny-day"
"arcanine-hisui","temper-flare"
"arcanine-hisui","thief"
"arcanine-hisui","thrash"
"arcanine-hisui","thunder-fang"
"arcanine-hisui","wild-charge"
"arcanine-hisui","will-o-wisp"
"archaludon","aura-sphere"
"archaludon","body-slam"
"archaludon","breaking-swipe"
"archaludon","brick-break"
"archaludon","dark-pulse"
"archaludon","double-edge"
"archaludon","draco-meteor"
"archaludon","dragon-cheer"
"archaludon","dragon-claw"
"archaludon","dragon-pulse"
"archaludon","dragon-tail"
"archaludon","earthquake"
"archaludon","electro-shot"
"archaludon","endure"
"archaludon","facade"
"archaludon","flash-cannon"
"archaludon","focus-energy"
"archaludon","foul-play"
"archaludon","giga-impact"
"archaludon","gyro-ball"
"archaludon","hard-press"
"archaludon","heavy-slam"
"archaludon","hyper-beam"
"archaludon","iron-defense"
"archaludon","iron-head"
"archaludon","light-screen"
"archaludon","metal-burst"
"archaludon","metal-sound"
"archaludon","meteor-beam"
"archaludon","mirror-coat"
"archaludon","night-slash"
"archaludon","outrage"
"archaludon","protect"
"archaludon","reflect"
"archaludon","rest"
"archaludon","roar"
"archaludon","rock-slide"
"archaludon","rock-tomb"
"archaludon","scary-face"
"archaludon","sleep-talk"
"archaludon","smack-down"
"archaludon","snarl"
"archaludon","solar-beam"
"archaludon","stealth-rock"
"archaludon","steel-beam"
"archaludon","stone-edge"
"archaludon","substitute"
"archaludon","swords-dance"
"archaludon","thunder"
"archaludon","thunder-wave"
"archaludon","thunderbolt"
"ariados","acid-spray"
"ariados","agility"
"ariados","assurance"
"ariados","baton-pass"
"ariados","body-slam"
"ariados","bounce"
"ariados","bug-bite"
"ariados","bug-buzz"
"ariados","cross-poison"
"ariados","dig"
"ariados","disable"
"ariados","electroweb"
"ariados","endure"
"ariados","facade"
"ariados","fell-stinger"
"ariados","first-impression"
"ariados","focus-energy"
"ariados","foul-play"
"ariados","giga-drain"
"ariados","giga-impact"
"ariados","hex"
"ariados","hyper-beam"
"ariados","infestation"
"ariados","knock-off"
"ariados","leech-life"
"ariados","lunge"
"ariados","megahorn"
"ariados","night-shade"
"ariados","night-slash"
"ariados","pin-missile"
"ariados","poison-jab"
"ariados","pounce"
"ariados","protect"
"ariados","psychic-fangs"
"ariados","rage-powder"
"ariados","rest"
"ariados","round"
"ariados","scary-face"
"ariados","screech"
"ariados","shadow-sneak"
"ariados","skitter-smack"
"ariados","sleep-talk"
"ariados","sludge-bomb"
"ariados","sludge-wave"
"ariados","smart-strike"
"ariados","snore"
"ariados","solar-beam"
"ariados","spite"
"ariados","sticky-web"
"ariados","stomping-tantrum"
"ariados","string-shot"
"ariados","struggle-bug"
"ariados","substitute"
"ariados","sucker-punch"
"ariados","sunny-day"
"ariados","swords-dance"
"ariados","thief"
"ariados","throat-chop"
"ariados","toxic"
"ariados","toxic-spikes"
"ariados","toxic-thread"
"ariados","trailblaze"
"ariados","venoshock"
"ariados","x-scissor"
"armarouge","acid-spray"
"armarouge","ally-switch"
"armarouge","armor-cannon"
"armarouge","aura-sphere"
"armarouge","burn-up"
"armarouge","calm-mind"
"armarouge","clear-smog"
"armarouge","confuse-ray"
"armarouge","dark-pulse"
"armarouge","destiny-bond"
"armarouge","disable"
"armarouge","dragon-pulse"
"armarouge","endure"
"armarouge","energy-ball"
"armarouge","expanding-force"
"armarouge","facade"
"armarouge","fire-blast"
"armarouge","fire-spin"
"armarouge","flame-charge"
"armarouge","flamethrower"
"armarouge","flare-blitz"
"armarouge","flash-cannon"
"armarouge","fling"
"armarouge","focus-blast"
"armarouge","heat-wave"
"armarouge","helping-hand"
"armarouge","hyper-beam"
"armarouge","iron-defense"
"armarouge","lava-plume"
"armarouge","light-screen"
"armarouge","meteor-beam"
"armarouge","mystical-fire"
"armarouge","night-shade"
"armarouge","overheat"
"armarouge","protect"
"armarouge","psych-up"
"armarouge","psychic"
"armarouge","psychic-terrain"
"armarouge","psyshock"
"armarouge","reflect"
"armarouge","rest"
"armarouge","scorching-sands"
"armarouge","shadow-ball"
"armarouge","sleep-talk"
"armarouge","solar-beam"
"armarouge","spite"
"armarouge","stored-power"
"armarouge","substitute"
"armarouge","sunny-day"
"armarouge","taunt"
"armarouge","trick"
"armarouge","trick-room"
"armarouge","weather-ball"
"armarouge","wide-guard"
"armarouge","will-o-wisp"
"aromatisse","after-you"
"aromatisse","alluring-voice"
"aromatisse","ally-switch"
"aromatisse","aromatic-mist"
"aromatisse","attract"
"aromatisse","calm-mind"
"aromatisse","charm"
"aromatisse","dazzling-gleam"
"aromatisse","disable"
"aromatisse","drain-punch"
"aromatisse","draining-kiss"
"aromatisse","encore"
"aromatisse","endure"
"aromatisse","energy-ball"
"aromatisse","facade"
"aromatisse","fake-tears"
"aromatisse","flail"
"aromatisse","flash-cannon"
"aromatisse","giga-impact"
"aromatisse","gyro-ball"
"aromatisse","heal-pulse"
"aromatisse","helping-hand"
"aromatisse","hyper-beam"
"aromatisse","hypnosis"
"aromatisse","light-screen"
"aromatisse","misty-explosion"
"aromatisse","misty-terrain"
"aromatisse","moonblast"
"aromatisse","nasty-plot"
"aromatisse","protect"
"aromatisse","psych-up"
"aromatisse","psychic"
"aromatisse","psyshock"
"aromatisse","rain-dance"
"aromatisse","reflect"
"aromatisse","rest"
"aromatisse","round"
"aromatisse","skill-swap"
"aromatisse","sleep-talk"
"aromatisse","snore"
"aromatisse","substitute"
"aromatisse","sunny-day"
"aromatisse","sweet-kiss"
"aromatisse","sweet-scent"
"aromatisse","thunder"
"aromatisse","thunderbolt"
"aromatisse","trick-room"
"aromatisse","wish"
"audino","after-you"
"audino","ally-switch"
"audino","amnesia"
"audino","attract"
"audino","baby-doll-eyes"
"audino","blizzard"
"audino","body-slam"
"audino","calm-mind"
"audino","chilling-water"
"audino","dazzling-gleam"
"audino","dig"
"audino","double-edge"
"audino","drain-punch"
"audino","draining-kiss"
"audino","encore"
"audino","endure"
"audino","entrainment"
"audino","facade"
"audino","fire-blast"
"audino","fire-punch"
"audino","flamethrower"
"audino","fling"
"audino","giga-impact"
"audino","grass-knot"
"audino","heal-pulse"
"audino","healing-wish"
"audino","helping-hand"
"audino","hyper-beam"
"audino","hyper-voice"
"audino","ice-beam"
"audino","ice-punch"
"audino","icy-wind"
"audino","iron-tail"
"audino","last-resort"
"audino","life-dew"
"audino","light-screen"
"audino","low-kick"
"audino","mega-kick"
"audino","misty-terrain"
"audino","protect"
"audino","psychic"
"audino","psyshock"
"audino","rain-dance"
"audino","reflect"
"audino","rest"
"audino","round"
"audino","safeguard"
"audino","shadow-ball"
"audino","simple-beam"
"audino","skill-swap"
"audino","sleep-talk"
"audino","snore"
"audino","solar-beam"
"audino","stomping-tantrum"
"audino","substitute"
"audino","sunny-day"
"audino","surf"
"audino","sweet-kiss"
"audino","throat-chop"
"audino","thunder"
"audino","thunder-punch"
"audino","thunder-wave"
"audino","thunderbolt"
"audino","trick-room"
"audino","uproar"
"audino","wild-charge"
"audino","wish"
"audino","yawn"
"audino","zen-headbutt"
"aurorus","ancient-power"
"aurorus","attract"
"aurorus","aurora-veil"
"aurorus","avalanche"
"aurorus","blizzard"
"aurorus","body-slam"
"aurorus","bulldoze"
"aurorus","calm-mind"
"aurorus","chilling-water"
"aurorus","dark-pulse"
"aurorus","discharge"
"aurorus","earth-power"
"aurorus","earthquake"
"aurorus","encore"
"aurorus","endure"
"aurorus","facade"
"aurorus","flash-cannon"
"aurorus","freeze-dry"
"aurorus","giga-impact"
"aurorus","haze"
"aurorus","hyper-beam"
"aurorus","hyper-voice"
"aurorus","ice-beam"
"aurorus","ice-spinner"
"aurorus","icicle-spear"
"aurorus","icy-wind"
"aurorus","iron-defense"
"aurorus","iron-head"
"aurorus","iron-tail"
"aurorus","light-screen"
"aurorus","meteor-beam"
"aurorus","mirror-coat"
"aurorus","mud-shot"
"aurorus","outrage"
"aurorus","protect"
"aurorus","psychic"
"aurorus","rain-dance"
"aurorus","reflect"
"aurorus","rest"
"aurorus","rock-blast"
"aurorus","rock-slide"
"aurorus","rock-tomb"
"aurorus","round"
"aurorus","safeguard"
"aurorus","sandstorm"
"aurorus","sleep-talk"
"aurorus","snore"
"aurorus","snowscape"
"aurorus","stealth-rock"
"aurorus","stone-edge"
"aurorus","substitute"
"aurorus","thunder"
"aurorus","thunder-wave"
"aurorus","thunderbolt"
"aurorus","weather-ball"
"aurorus","zen-headbutt"
"avalugg","aurora-veil"
"avalugg","avalanche"
"avalugg","bite"
"avalugg","blizzard"
"avalugg","body-press"
"avalugg","body-slam"
"avalugg","bulldoze"
"avalugg","chilling-water"
"avalugg","crunch"
"avalugg","curse"
"avalugg","double-edge"
"avalugg","earthquake"
"avalugg","endure"
"avalugg","facade"
"avalugg","flash-cannon"
"avalugg","frost-breath"
"avalugg","giga-impact"
"avalugg","gyro-ball"
"avalugg","heavy-slam"
"avalugg","high-horsepower"
"avalugg","hydro-pump"
"avalugg","hyper-beam"
"avalugg","ice-beam"
"avalugg","ice-fang"
"avalugg","ice-spinner"
"avalugg","icicle-crash"
"avalugg","icicle-spear"
"avalugg","icy-wind"
"avalugg","iron-defense"
"avalugg","iron-head"
"avalugg","mirror-coat"
"avalugg","protect"
"avalugg","rain-dance"
"avalugg","rapid-spin"
"avalugg","recover"
"avalugg","rest"
"avalugg","rock-slide"
"avalugg","rock-tomb"
"avalugg","round"
"avalugg","scary-face"
"avalugg","sleep-talk"
"avalugg","snore"
"avalugg","snowscape"
"avalugg","stomping-tantrum"
"avalugg","stone-edge"
"avalugg","substitute"
"avalugg","superpower"
"avalugg","surf"
"avalugg","wide-guard"
"avalugg-hisui","ancient-power"
"avalugg-hisui","aurora-veil"
"avalugg-hisui","avalanche"
"avalugg-hisui","bite"
"avalugg-hisui","blizzard"
"avalugg-hisui","body-press"
"avalugg-hisui","body-slam"
"avalugg-hisui","bulldoze"
"avalugg-hisui","chilling-water"
"avalugg-hisui","crunch"
"avalugg-hisui","curse"
"avalugg-hisui","dig"
"avalugg-hisui","double-edge"
"avalugg-hisui","earthquake"
"avalugg-hisui","endure"
"avalugg-hisui","facade"
"avalugg-hisui","giga-impact"
"avalugg-hisui","gyro-ball"
"avalugg-hisui","hard-press"
"avalugg-hisui","heavy-slam"
"avalugg-hisui","high-horsepower"
"avalugg-hisui","hyper-beam"
"avalugg-hisui","ice-beam"
"avalugg-hisui","ice-fang"
"avalugg-hisui","ice-spinner"
"avalugg-hisui","icicle-spear"
"avalugg-hisui","icy-wind"
"avalugg-hisui","iron-defense"
"avalugg-hisui","iron-head"
"avalugg-hisui","meteor-beam"
"avalugg-hisui","mirror-coat"
"avalugg-hisui","mountain-gale"
"avalugg-hisui","protect"
"avalugg-hisui","rain-dance"
"avalugg-hisui","rapid-spin"
"avalugg-hisui","recover"
"avalugg-hisui","rest"
"avalugg-hisui","rock-blast"
"avalugg-hisui","rock-slide"
"avalugg-hisui","rock-tomb"
"avalugg-hisui","sandstorm"
"avalugg-hisui","scary-face"
"avalugg-hisui","sleep-talk"
"avalugg-hisui","snowscape"
"avalugg-hisui","stealth-rock"
"avalugg-hisui","stomping-tantrum"
"avalugg-hisui","stone-edge"
"avalugg-hisui","substitute"
"avalugg-hisui","wide-guard"
"azumarill","alluring-voice"
"azumarill","amnesia"
"azumarill","aqua-jet"
"azumarill","aqua-ring"
"azumarill","aqua-tail"
"azumarill","belly-drum"
"azumarill","blizzard"
"azumarill","body-slam"
"azumarill","bounce"
"azumarill","brick-break"
"azumarill","brutal-swing"
"azumarill","bulldoze"
"azumarill","charm"
"azumarill","chilling-water"
"azumarill","copycat"
"azumarill","dig"
"azumarill","dive"
"azumarill","double-edge"
"azumarill","draining-kiss"
"azumarill","encore"
"azumarill","endure"
"azumarill","facade"
"azumarill","fake-tears"
"azumarill","fling"
"azumarill","focus-blast"
"azumarill","focus-punch"
"azumarill","future-sight"
"azumarill","giga-impact"
"azumarill","grass-knot"
"azumarill","helping-hand"
"azumarill","hydro-pump"
"azumarill","hyper-beam"
"azumarill","hyper-voice"
"azumarill","ice-beam"
"azumarill","ice-punch"
"azumarill","ice-spinner"
"azumarill","icy-wind"
"azumarill","iron-tail"
"azumarill","knock-off"
"azumarill","light-screen"
"azumarill","liquidation"
"azumarill","misty-explosion"
"azumarill","misty-terrain"
"azumarill","mud-shot"
"azumarill","mud-slap"
"azumarill","muddy-water"
"azumarill","perish-song"
"azumarill","play-rough"
"azumarill","protect"
"azumarill","rain-dance"
"azumarill","rest"
"azumarill","round"
"azumarill","sing"
"azumarill","sleep-talk"
"azumarill","snore"
"azumarill","snowscape"
"azumarill","soak"
"azumarill","substitute"
"azumarill","superpower"
"azumarill","surf"
"azumarill","tickle"
"azumarill","trailblaze"
"azumarill","uproar"
"azumarill","water-pulse"
"azumarill","waterfall"
"azumarill","whirlpool"
"banette","burning-jealousy"
"banette","calm-mind"
"banette","charge-beam"
"banette","confuse-ray"
"banette","curse"
"banette","dark-pulse"
"banette","dazzling-gleam"
"banette","destiny-bond"
"banette","disable"
"banette","encore"
"banette","endure"
"banette","facade"
"banette","fling"
"banette","foul-play"
"banette","giga-impact"
"banette","gunk-shot"
"banette","helping-hand"
"banette","hex"
"banette","hyper-beam"
"banette","icy-wind"
"banette","imprison"
"banette","knock-off"
"banette","lash-out"
"banette","magic-room"
"banette","nasty-plot"
"banette","night-shade"
"banette","pain-split"
"banette","payback"
"banette","phantom-force"
"banette","poltergeist"
"banette","pounce"
"banette","protect"
"banette","psych-up"
"banette","psychic"
"banette","rain-dance"
"banette","rest"
"banette","role-play"
"banette","round"
"banette","scary-face"
"banette","screech"
"banette","shadow-ball"
"banette","shadow-claw"
"banette","shadow-punch"
"banette","shadow-sneak"
"banette","skill-swap"
"banette","skitter-smack"
"banette","sleep-talk"
"banette","snore"
"banette","spite"
"banette","substitute"
"banette","sucker-punch"
"banette","sunny-day"
"banette","swagger"
"banette","swords-dance"
"banette","taunt"
"banette","thief"
"banette","throat-chop"
"banette","thunder"
"banette","thunder-wave"
"banette","thunderbolt"
"banette","torment"
"banette","trailblaze"
"banette","trick"
"banette","trick-room"
"banette","will-o-wisp"
"banette","zen-headbutt"
"basculegion","agility"
"basculegion","aqua-jet"
"basculegion","bite"
"basculegion","blizzard"
"basculegion","chilling-water"
"basculegion","confuse-ray"
"basculegion","crunch"
"basculegion","double-edge"
"basculegion","endeavor"
"basculegion","endure"
"basculegion","facade"
"basculegion","flail"
"basculegion","flip-turn"
"basculegion","giga-impact"
"basculegion","head-smash"
"basculegion","hex"
"basculegion","hydro-pump"
"basculegion","hyper-beam"
"basculegion","ice-beam"
"basculegion","ice-fang"
"basculegion","icy-wind"
"basculegion","last-respects"
"basculegion","liquidation"
"basculegion","mud-shot"
"basculegion","muddy-water"
"basculegion","night-shade"
"basculegion","outrage"
"basculegion","pain-split"
"basculegion","phantom-force"
"basculegion","protect"
"basculegion","psychic-fangs"
"basculegion","rain-dance"
"basculegion","rest"
"basculegion","scale-shot"
"basculegion","scary-face"
"basculegion","shadow-ball"
"basculegion","sleep-talk"
"basculegion","snowscape"
"basculegion","soak"
"basculegion","spite"
"basculegion","substitute"
"basculegion","surf"
"basculegion","thrash"
"basculegion","uproar"
"basculegion","water-pulse"
"basculegion","waterfall"
"basculegion","wave-crash"
"basculegion","whirlpool"
"basculegion","zen-headbutt"
"bastiodon","ancient-power"
"bastiodon","attract"
"bastiodon","avalanche"
"bastiodon","blizzard"
"bastiodon","block"
"bastiodon","body-press"
"bastiodon","body-slam"
"bastiodon","bulldoze"
"bastiodon","counter"
"bastiodon","curse"
"bastiodon","dig"
"bastiodon","double-edge"
"bastiodon","earth-power"
"bastiodon","earthquake"
"bastiodon","endure"
"bastiodon","facade"
"bastiodon","fire-blast"
"bastiodon","fissure"
"bastiodon","flamethrower"
"bastiodon","flash-cannon"
"bastiodon","focus-energy"
"bastiodon","foul-play"
"bastiodon","giga-impact"
"bastiodon","guard-split"
"bastiodon","hard-press"
"bastiodon","heavy-slam"
"bastiodon","hyper-beam"
"bastiodon","ice-beam"
"bastiodon","iron-defense"
"bastiodon","iron-head"
"bastiodon","iron-tail"
"bastiodon","metal-burst"
"bastiodon","metal-sound"
"bastiodon","meteor-beam"
"bastiodon","mud-slap"
"bastiodon","outrage"
"bastiodon","power-gem"
"bastiodon","protect"
"bastiodon","rain-dance"
"bastiodon","reflect"
"bastiodon","rest"
"bastiodon","reversal"
"bastiodon","roar"
"bastiodon","rock-blast"
"bastiodon","rock-slide"
"bastiodon","rock-tomb"
"bastiodon","round"
"bastiodon","sand-tomb"
"bastiodon","sandstorm"
"bastiodon","scary-face"
"bastiodon","scorching-sands"
"bastiodon","screech"
"bastiodon","sleep-talk"
"bastiodon","smack-down"
"bastiodon","snore"
"bastiodon","stealth-rock"
"bastiodon","steel-beam"
"bastiodon","steel-roller"
"bastiodon","stomping-tantrum"
"bastiodon","stone-edge"
"bastiodon","substitute"
"bastiodon","sunny-day"
"bastiodon","swagger"
"bastiodon","taunt"
"bastiodon","thunder"
"bastiodon","thunderbolt"
"bastiodon","trailblaze"
"bastiodon","wide-guard"
"beartic","aerial-ace"
"beartic","aqua-jet"
"beartic","assurance"
"beartic","avalanche"
"beartic","blizzard"
"beartic","body-press"
"beartic","body-slam"
"beartic","brick-break"
"beartic","bulk-up"
"beartic","bulldoze"
"beartic","charm"
"beartic","chilling-water"
"beartic","close-combat"
"beartic","crunch"
"beartic","curse"
"beartic","dig"
"beartic","dive"
"beartic","double-edge"
"beartic","earthquake"
"beartic","encore"
"beartic","endeavor"
"beartic","endure"
"beartic","facade"
"beartic","flail"
"beartic","fling"
"beartic","focus-blast"
"beartic","focus-punch"
"beartic","frost-breath"
"beartic","giga-impact"
"beartic","grass-knot"
"beartic","hard-press"
"beartic","heavy-slam"
"beartic","hyper-beam"
"beartic","ice-beam"
"beartic","ice-fang"
"beartic","ice-punch"
"beartic","icicle-crash"
"beartic","icicle-spear"
"beartic","icy-wind"
"beartic","liquidation"
"beartic","low-kick"
"beartic","mega-kick"
"beartic","mud-shot"
"beartic","mud-slap"
"beartic","night-slash"
"beartic","play-rough"
"beartic","protect"
"beartic","rain-dance"
"beartic","rest"
"beartic","reversal"
"beartic","roar"
"beartic","rock-slide"
"beartic","rock-tomb"
"beartic","round"
"beartic","scary-face"
"beartic","shadow-claw"
"beartic","sheer-cold"
"beartic","sleep-talk"
"beartic","snarl"
"beartic","snore"
"beartic","snowscape"
"beartic","stone-edge"
"beartic","substitute"
"beartic","superpower"
"beartic","surf"
"beartic","swagger"
"beartic","swords-dance"
"beartic","taunt"
"beartic","thief"
"beartic","thrash"
"beartic","throat-chop"
"beartic","trailblaze"
"beartic","water-pulse"
"beartic","x-scissor"
"beartic","yawn"
"beedrill","acrobatics"
"beedrill","aerial-ace"
"beedrill","agility"
"beedrill","air-cutter"
"beedrill","assurance"
"beedrill","attract"
"beedrill","baton-pass"
"beedrill","brick-break"
"beedrill","brutal-swing"
"beedrill","bug-bite"
"beedrill","bug-buzz"
"beedrill","cross-poison"
"beedrill","double-edge"
"beedrill","double-hit"
"beedrill","drill-run"
"beedrill","dual-wingbeat"
"beedrill","electroweb"
"beedrill","endeavor"
"beedrill","endure"
"beedrill","facade"
"beedrill","fell-stinger"
"beedrill","focus-energy"
"beedrill","giga-drain"
"beedrill","giga-impact"
"beedrill","hyper-beam"
"beedrill","iron-defense"
"beedrill","knock-off"
"beedrill","lunge"
"beedrill","payback"
"beedrill","pin-missile"
"beedrill","poison-jab"
"beedrill","pollen-puff"
"beedrill","pounce"
"beedrill","protect"
"beedrill","rest"
"beedrill","round"
"beedrill","screech"
"beedrill","skitter-smack"
"beedrill","sleep-talk"
"beedrill","sludge-bomb"
"beedrill","snore"
"beedrill","solar-beam"
"beedrill","string-shot"
"beedrill","substitute"
"beedrill","sunny-day"
"beedrill","swords-dance"
"beedrill","thief"
"beedrill","throat-chop"
"beedrill","toxic"
"beedrill","toxic-spikes"
"beedrill","u-turn"
"beedrill","venoshock"
"beedrill","x-scissor"
"bellibolt","acid-spray"
"bellibolt","charge"
"bellibolt","charge-beam"
"bellibolt","chilling-water"
"bellibolt","confuse-ray"
"bellibolt","discharge"
"bellibolt","eerie-impulse"
"bellibolt","electric-terrain"
"bellibolt","electro-ball"
"bellibolt","electroweb"
"bellibolt","endure"
"bellibolt","flail"
"bellibolt","giga-impact"
"bellibolt","hyper-beam"
"bellibolt","hyper-voice"
"bellibolt","light-screen"
"bellibolt","mud-shot"
"bellibolt","mud-slap"
"bellibolt","muddy-water"
"bellibolt","parabolic-charge"
"bellibolt","protect"
"bellibolt","rain-dance"
"bellibolt","reflect"
"bellibolt","rest"
"bellibolt","slack-off"
"bellibolt","sleep-talk"
"bellibolt","soak"
"bellibolt","substitute"
"bellibolt","sucker-punch"
"bellibolt","supercell-slam"
"bellibolt","thunder"
"bellibolt","thunder-wave"
"bellibolt","thunderbolt"
"bellibolt","toxic"
"bellibolt","volt-switch"
"bellibolt","water-pulse"
"bellibolt","weather-ball"
"bellibolt","wild-charge"
"bellibolt","zap-cannon"
"blastoise","aqua-jet"
"blastoise","aqua-ring"
"blastoise","aqua-tail"
"blastoise","aura-sphere"
"blastoise","avalanche"
"blastoise","bite"
"blastoise","blizzard"
"blastoise","body-press"
"blastoise","body-slam"
"blastoise","brick-break"
"blastoise","bulldoze"
"blastoise","chilling-water"
"blastoise","crunch"
"blastoise","dark-pulse"
"blastoise","dig"
"blastoise","dive"
"blastoise","double-edge"
"blastoise","dragon-pulse"
"blastoise","earthquake"
"blastoise","endure"
"blastoise","facade"
"blastoise","fake-out"
"blastoise","flail"
"blastoise","flash-cannon"
"blastoise","fling"
"blastoise","flip-turn"
"blastoise","focus-blast"
"blastoise","focus-punch"
"blastoise","giga-impact"
"blastoise","gyro-ball"
"blastoise","haze"
"blastoise","helping-hand"
"blastoise","hydro-cannon"
"blastoise","hydro-pump"
"blastoise","hyper-beam"
"blastoise","ice-beam"
"blastoise","ice-punch"
"blastoise","ice-spinner"
"blastoise","icy-wind"
"blastoise","iron-defense"
"blastoise","iron-head"
"blastoise","iron-tail"
"blastoise","life-dew"
"blastoise","liquidation"
"blastoise","mega-kick"
"blastoise","mirror-coat"
"blastoise","mud-shot"
"blastoise","muddy-water"
"blastoise","outrage"
"blastoise","protect"
"blastoise","rain-dance"
"blastoise","rapid-spin"
"blastoise","rest"
"blastoise","roar"
"blastoise","rock-slide"
"blastoise","rock-tomb"
"blastoise","round"
"blastoise","scary-face"
"blastoise","shell-smash"
"blastoise","sleep-talk"
"blastoise","smack-down"
"blastoise","snore"
"blastoise","substitute"
"blastoise","surf"
"blastoise","terrain-pulse"
"blastoise","water-pulse"
"blastoise","water-spout"
"blastoise","waterfall"
"blastoise","wave-crash"
"blastoise","weather-ball"
"blastoise","whirlpool"
"blastoise","yawn"
"blastoise","zen-headbutt"
"camerupt","amnesia"
"camerupt","ancient-power"
"camerupt","body-press"
"camerupt","body-slam"
"camerupt","bulldoze"
"camerupt","burning-jealousy"
"camerupt","charm"
"camerupt","curse"
"camerupt","dig"
"camerupt","double-edge"
"camerupt","earth-power"
"camerupt","earthquake"
"camerupt","endeavor"
"camerupt","endure"
"camerupt","eruption"
"camerupt","facade"
"camerupt","fire-blast"
"camerupt","fire-spin"
"camerupt","fissure"
"camerupt","flame-charge"
"camerupt","flamethrower"
"camerupt","flare-blitz"
"camerupt","flash-cannon"
"camerupt","focus-energy"
"camerupt","giga-impact"
"camerupt","growth"
"camerupt","heat-crash"
"camerupt","heat-wave"
"camerupt","heavy-slam"
"camerupt","helping-hand"
"camerupt","high-horsepower"
"camerupt","howl"
"camerupt","hyper-beam"
"camerupt","iron-head"
"camerupt","lash-out"
"camerupt","lava-plume"
"camerupt","mud-shot"
"camerupt","mud-slap"
"camerupt","overheat"
"camerupt","protect"
"camerupt","rain-dance"
"camerupt","rest"
"camerupt","roar"
"camerupt","rock-slide"
"camerupt","rock-tomb"
"camerupt","round"
"camerupt","sandstorm"
"camerupt","scary-face"
"camerupt","scorching-sands"
"camerupt","self-destruct"
"camerupt","sleep-talk"
"camerupt","smack-down"
"camerupt","snore"
"camerupt","solar-beam"
"camerupt","spit-up"
"camerupt","stealth-rock"
"camerupt","stockpile"
"camerupt","stomping-tantrum"
"camerupt","stone-edge"
"camerupt","substitute"
"camerupt","sunny-day"
"camerupt","swallow"
"camerupt","temper-flare"
"camerupt","trailblaze"
"camerupt","will-o-wisp"
"camerupt","yawn"
"camerupt","zen-headbutt"
"castform","amnesia"
"castform","attract"
"castform","avalanche"
"castform","blizzard"
"castform","body-slam"
"castform","chilling-water"
"castform","cosmic-power"
"castform","endure"
"castform","energy-ball"
"castform","facade"
"castform","fire-blast"
"castform","flamethrower"
"castform","future-sight"
"castform","guard-swap"
"castform","hex"
"castform","hurricane"
"castform","hydro-pump"
"castform","ice-beam"
"castform","icy-wind"
"castform","protect"
"castform","rain-dance"
"castform","rest"
"castform","round"
"castform","sandstorm"
"castform","scald"
"castform","shadow-ball"
"castform","sleep-talk"
"castform","snore"
"castform","snowscape"
"castform","solar-beam"
"castform","substitute"
"castform","sunny-day"
"castform","thief"
"castform","thunder"
"castform","thunder-wave"
"castform","thunderbolt"
"castform","weather-ball"
"ceruledge","ally-switch"
"ceruledge","bitter-blade"
"ceruledge","brick-break"
"ceruledge","bulk-up"
"ceruledge","burn-up"
"ceruledge","clear-smog"
"ceruledge","close-combat"
"ceruledge","confuse-ray"
"ceruledge","curse"
"ceruledge","destiny-bond"
"ceruledge","disable"
"ceruledge","dragon-claw"
"ceruledge","endure"
"ceruledge","facade"
"ceruledge","fire-blast"
"ceruledge","fire-spin"
"ceruledge","flame-charge"
"ceruledge","flamethrower"
"ceruledge","flare-blitz"
"ceruledge","fling"
"ceruledge","giga-impact"
"ceruledge","heat-wave"
"ceruledge","helping-hand"
"ceruledge","hex"
"ceruledge","iron-defense"
"ceruledge","iron-head"
"ceruledge","lava-plume"
"ceruledge","light-screen"
"ceruledge","night-shade"
"ceruledge","night-slash"
"ceruledge","overheat"
"ceruledge","phantom-force"
"ceruledge","poison-jab"
"ceruledge","poltergeist"
"ceruledge","protect"
"ceruledge","psych-up"
"ceruledge","psycho-cut"
"ceruledge","quick-guard"
"ceruledge","reflect"
"ceruledge","rest"
"ceruledge","shadow-ball"
"ceruledge","shadow-claw"
"ceruledge","shadow-sneak"
"ceruledge","sleep-talk"
"ceruledge","solar-blade"
"ceruledge","spite"
"ceruledge","stored-power"
"ceruledge","substitute"
"ceruledge","sunny-day"
"ceruledge","swords-dance"
"ceruledge","taunt"
"ceruledge","throat-chop"
"ceruledge","vacuum-wave"
"ceruledge","will-o-wisp"
"ceruledge","x-scissor"
"chandelure","acid-armor"
"chandelure","burning-jealousy"
"chandelure","calm-mind"
"chandelure","clear-smog"
"chandelure","confuse-ray"
"chandelure","curse"
"chandelure","dark-pulse"
"chandelure","double-team"
"chandelure","endure"
"chandelure","energy-ball"
"chandelure","facade"
"chandelure","fire-blast"
"chandelure","fire-spin"
"chandelure","flame-charge"
"chandelure","flamethrower"
"chandelure","flare-blitz"
"chandelure","giga-impact"
"chandelure","haze"
"chandelure","heat-wave"
"chandelure","hex"
"chandelure","hyper-beam"
"chandelure","imprison"
"chandelure","inferno"
"chandelure","lash-out"
"chandelure","memento"
"chandelure","minimize"
"chandelure","mystical-fire"
"chandelure","night-shade"
"chandelure","overheat"
"chandelure","pain-split"
"chandelure","payback"
"chandelure","poltergeist"
"chandelure","power-split"
"chandelure","protect"
"chandelure","psych-up"
"chandelure","psychic"
"chandelure","rest"
"chandelure","round"
"chandelure","safeguard"
"chandelure","shadow-ball"
"chandelure","skitter-smack"
"chandelure","sleep-talk"
"chandelure","snore"
"chandelure","solar-beam"
"chandelure","spite"
"chandelure","substitute"
"chandelure","sunny-day"
"chandelure","taunt"
"chandelure","temper-flare"
"chandelure","thief"
"chandelure","trailblaze"
"chandelure","trick"
"chandelure","trick-room"
"chandelure","will-o-wisp"
"charizard","acrobatics"
"charizard","aerial-ace"
"charizard","air-cutter"
"charizard","air-slash"
"charizard","ancient-power"
"charizard","beat-up"
"charizard","belly-drum"
"charizard","bite"
"charizard","blast-burn"
"charizard","body-slam"
"charizard","breaking-swipe"
"charizard","brick-break"
"charizard","brutal-swing"
"charizard","bulldoze"
"charizard","counter"
"charizard","crunch"
"charizard","dig"
"charizard","double-edge"
"charizard","dragon-cheer"
"charizard","dragon-claw"
"charizard","dragon-dance"
"charizard","dragon-pulse"
"charizard","dragon-rush"
"charizard","dragon-tail"
"charizard","earthquake"
"charizard","endure"
"charizard","facade"
"charizard","fire-blast"
"charizard","fire-fang"
"charizard","fire-punch"
"charizard","fire-spin"
"charizard","flame-charge"
"charizard","flamethrower"
"charizard","flare-blitz"
"charizard","fling"
"charizard","fly"
"charizard","focus-blast"
"charizard","focus-punch"
"charizard","giga-impact"
"charizard","heat-crash"
"charizard","heat-wave"
"charizard","helping-hand"
"charizard","hurricane"
"charizard","hyper-beam"
"charizard","inferno"
"charizard","iron-tail"
"charizard","mega-kick"
"charizard","outrage"
"charizard","overheat"
"charizard","protect"
"charizard","rest"
"charizard","roar"
"charizard","rock-slide"
"charizard","rock-tomb"
"charizard","roost"
"charizard","round"
"charizard","sandstorm"
"charizard","scale-shot"
"charizard","scary-face"
"charizard","scorching-sands"
"charizard","shadow-claw"
"charizard","sleep-talk"
"charizard","snore"
"charizard","solar-beam"
"charizard","steel-wing"
"charizard","substitute"
"charizard","sunny-day"
"charizard","swords-dance"
"charizard","temper-flare"
"charizard","thunder-punch"
"charizard","weather-ball"
"charizard","will-o-wisp"
"chesnaught","aerial-ace"
"chesnaught","belly-drum"
"chesnaught","bite"
"chesnaught","body-press"
"chesnaught","body-slam"
"chesnaught","brick-break"
"chesnaught","bulk-up"
"chesnaught","bulldoze"
"chesnaught","bullet-seed"
"chesnaught","close-combat"
"chesnaught","coaching"
"chesnaught","crunch"
"chesnaught","curse"
"chesnaught","dig"
"chesnaught","double-edge"
"chesnaught","dragon-claw"
"chesnaught","drain-punch"
"chesnaught","earthquake"
"chesnaught","endeavor"
"chesnaught","endure"
"chesnaught","energy-ball"
"chesnaught","facade"
"chesnaught","feint"
"chesnaught","fling"
"chesnaught","focus-blast"
"chesnaught","focus-punch"
"chesnaught","frenzy-plant"
"chesnaught","giga-drain"
"chesnaught","giga-impact"
"chesnaught","grass-knot"
"chesnaught","grassy-glide"
"chesnaught","grassy-terrain"
"chesnaught","growth"
"chesnaught","gyro-ball"
"chesnaught","hammer-arm"
"chesnaught","helping-hand"
"chesnaught","high-horsepower"
"chesnaught","hyper-beam"
"chesnaught","iron-defense"
"chesnaught","iron-head"
"chesnaught","iron-tail"
"chesnaught","knock-off"
"chesnaught","leaf-storm"
"chesnaught","leech-seed"
"chesnaught","low-kick"
"chesnaught","low-sweep"
"chesnaught","mud-shot"
"chesnaught","mud-slap"
"chesnaught","pain-split"
"chesnaught","payback"
"chesnaught","pin-missile"
"chesnaught","poison-jab"
"chesnaught","protect"
"chesnaught","quick-guard"
"chesnaught","rain-dance"
"chesnaught","reflect"
"chesnaught","rest"
"chesnaught","reversal"
"chesnaught","roar"
"chesnaught","rock-slide"
"chesnaught","rock-tomb"
"chesnaught","round"
"chesnaught","scary-face"
"chesnaught","seed-bomb"
"chesnaught","shadow-claw"
"chesnaught","sleep-talk"
"chesnaught","sludge-bomb"
"chesnaught","smack-down"
"chesnaught","snore"
"chesnaught","solar-beam"
"chesnaught","spikes"
"chesnaught","spiky-shield"
"chesnaught","steel-roller"
"chesnaught","stomping-tantrum"
"chesnaught","stone-edge"
"chesnaught","substitute"
"chesnaught","sunny-day"
"chesnaught","super-fang"
"chesnaught","superpower"
"chesnaught","swords-dance"
"chesnaught","synthesis"
"chesnaught","taunt"
"chesnaught","thunder-punch"
"chesnaught","trailblaze"
"chesnaught","wide-guard"
"chesnaught","wood-hammer"
"chesnaught","zen-headbutt"
"chimecho","ally-switch"
"chimecho","baton-pass"
"chimecho","boomburst"
"chimecho","calm-mind"
"chimecho","charge-beam"
"chimecho","charm"
"chimecho","cosmic-power"
"chimecho","curse"
"chimecho","dazzling-gleam"
"chimecho","disable"
"chimecho","double-edge"
"chimecho","draining-kiss"
"chimecho","encore"
"chimecho","endure"
"chimecho","energy-ball"
"chimecho","expanding-force"
"chimecho","extrasensory"
"chimecho","facade"
"chimecho","fake-tears"
"chimecho","flash-cannon"
"chimecho","future-sight"
"chimecho","grass-knot"
"chimecho","gravity"
"chimecho","heal-bell"
"chimecho","heal-pulse"
"chimecho","healing-wish"
"chimecho","helping-hand"
"chimecho","hyper-voice"
"chimecho","hypnosis"
"chimecho","icy-wind"
"chimecho","imprison"
"chimecho","knock-off"
"chimecho","light-screen"
"chimecho","metal-sound"
"chimecho","protect"
"chimecho","psych-up"
"chimecho","psychic"
"chimecho","psychic-noise"
"chimecho","psyshock"
"chimecho","rain-dance"
"chimecho","recover"
"chimecho","recycle"
"chimecho","reflect"
"chimecho","rest"
"chimecho","round"
"chimecho","safeguard"
"chimecho","screech"
"chimecho","self-destruct"
"chimecho","shadow-ball"
"chimecho","skill-swap"
"chimecho","sleep-talk"
"chimecho","snarl"
"chimecho","snore"
"chimecho","stored-power"
"chimecho","substitute"
"chimecho","sunny-day"
"chimecho","taunt"
"chimecho","thunder-wave"
"chimecho","trick"
"chimecho","trick-room"
"chimecho","uproar"
"chimecho","wish"
"chimecho","wrap"
"chimecho","yawn"
"chimecho","zen-headbutt"
"clawitzer","aqua-jet"
"clawitzer","aqua-tail"
"clawitzer","aura-sphere"
"clawitzer","blizzard"
"clawitzer","body-slam"
"clawitzer","bounce"
"clawitzer","chilling-water"
"clawitzer","crabhammer"
"clawitzer","dark-pulse"
"clawitzer","dive"
"clawitzer","dragon-pulse"
"clawitzer","endure"
"clawitzer","entrainment"
"clawitzer","facade"
"clawitzer","flail"
"clawitzer","flash-cannon"
"clawitzer","flip-turn"
"clawitzer","focus-blast"
"clawitzer","giga-impact"
"clawitzer","heal-pulse"
"clawitzer","helping-hand"
"clawitzer","hydro-pump"
"clawitzer","hyper-beam"
"clawitzer","ice-beam"
"clawitzer","icy-wind"
"clawitzer","liquidation"
"clawitzer","mud-shot"
"clawitzer","mud-slap"
"clawitzer","muddy-water"
"clawitzer","pounce"
"clawitzer","protect"
"clawitzer","rain-dance"
"clawitzer","rest"
"clawitzer","rock-slide"
"clawitzer","round"
"clawitzer","scary-face"
"clawitzer","shadow-ball"
"clawitzer","sleep-talk"
"clawitzer","sludge-bomb"
"clawitzer","sludge-wave"
"clawitzer","smack-down"
"clawitzer","snore"
"clawitzer","substitute"
"clawitzer","surf"
"clawitzer","swords-dance"
"clawitzer","terrain-pulse"
"clawitzer","thief"
"clawitzer","u-turn"
"clawitzer","venoshock"
"clawitzer","water-pulse"
"clawitzer","waterfall"
"clawitzer","weather-ball"
"clefable","after-you"
"clefable","air-slash"
"clefable","alluring-voice"
"clefable","amnesia"
"clefable","baton-pass"
"clefable","blizzard"
"clefable","body-slam"
"clefable","bounce"
"clefable","brick-break"
"clefable","calm-mind"
"clefable","charge-beam"
"clefable","charm"
"clefable","chilling-water"
"clefable","copycat"
"clefable","cosmic-power"
"clefable","dazzling-gleam"
"clefable","dig"
"clefable","double-edge"
"clefable","drain-punch"
"clefable","draining-kiss"
"clefable","dual-wingbeat"
"clefable","encore"
"clefable","endeavor"
"clefable","endure"
"clefable","facade"
"clefable","fake-tears"
"clefable","fire-blast"
"clefable","fire-punch"
"clefable","flamethrower"
"clefable","fling"
"clefable","focus-blast"
"clefable","focus-punch"
"clefable","follow-me"
"clefable","future-sight"
"clefable","giga-impact"
"clefable","grass-knot"
"clefable","gravity"
"clefable","heal-pulse"
"clefable","healing-wish"
"clefable","helping-hand"
"clefable","hyper-beam"
"clefable","hyper-voice"
"clefable","ice-beam"
"clefable","ice-punch"
"clefable","icy-wind"
"clefable","imprison"
"clefable","knock-off"
"clefable","life-dew"
"clefable","light-screen"
"clefable","meteor-beam"
"clefable","meteor-mash"
"clefable","misty-explosion"
"clefable","misty-terrain"
"clefable","moonblast"
"clefable","moonlight"
"clefable","mystical-fire"
"clefable","night-shade"
"clefable","play-rough"
"clefable","protect"
"clefable","psych-up"
"clefable","psychic"
"clefable","psyshock"
"clefable","rain-dance"
"clefable","reflect"
"clefable","rest"
"clefable","round"
"clefable","safeguard"
"clefable","shadow-ball"
"clefable","sing"
"clefable","skill-swap"
"clefable","sleep-talk"
"clefable","snore"
"clefable","solar-beam"
"clefable","stealth-rock"
"clefable","stored-power"
"clefable","substitute"
"clefable","sunny-day"
"clefable","sweet-kiss"
"clefable","thief"
"clefable","thunder"
"clefable","thunder-punch"
"clefable","thunder-wave"
"clefable","thunderbolt"
"clefable","tickle"
"clefable","tri-attack"
"clefable","trick"
"clefable","uproar"
"clefable","water-pulse"
"clefable","wish"
"clefable","wonder-room"
"clefable","zen-headbutt"
"cofagrigus","ally-switch"
"cofagrigus","attract"
"cofagrigus","body-press"
"cofagrigus","calm-mind"
"cofagrigus","confuse-ray"
"cofagrigus","curse"
"cofagrigus","dark-pulse"
"cofagrigus","destiny-bond"
"cofagrigus","disable"
"cofagrigus","endure"
"cofagrigus","energy-ball"
"cofagrigus","facade"
"cofagrigus","fake-tears"
"cofagrigus","giga-drain"
"cofagrigus","giga-impact"
"cofagrigus","grass-knot"
"cofagrigus","guard-split"
"cofagrigus","guard-swap"
"cofagrigus","haze"
"cofagrigus","hex"
"cofagrigus","hyper-beam"
"cofagrigus","imprison"
"cofagrigus","iron-defense"
"cofagrigus","mean-look"
"cofagrigus","memento"
"cofagrigus","nasty-plot"
"cofagrigus","night-shade"
"cofagrigus","payback"
"cofagrigus","phantom-force"
"cofagrigus","poltergeist"
"cofagrigus","power-split"
"cofagrigus","power-swap"
"cofagrigus","protect"
"cofagrigus","psychic"
"cofagrigus","rain-dance"
"cofagrigus","rest"
"cofagrigus","round"
"cofagrigus","safeguard"
"cofagrigus","scary-face"
"cofagrigus","self-destruct"
"cofagrigus","shadow-ball"
"cofagrigus","shadow-claw"
"cofagrigus","shadow-punch"
"cofagrigus","skill-swap"
"cofagrigus","sleep-talk"
"cofagrigus","snore"
"cofagrigus","substitute"
"cofagrigus","thief"
"cofagrigus","toxic-spikes"
"cofagrigus","trick"
"cofagrigus","trick-room"
"cofagrigus","will-o-wisp"
"cofagrigus","wonder-room"
"cofagrigus","zen-headbutt"
"conkeldurr","attract"
"conkeldurr","body-slam"
"conkeldurr","brick-break"
"conkeldurr","brutal-swing"
"conkeldurr","bulk-up"
"conkeldurr","bulldoze"
"conkeldurr","close-combat"
"conkeldurr","coaching"
"conkeldurr","counter"
"conkeldurr","curse"
"conkeldurr","defog"
"conkeldurr","detect"
"conkeldurr","dig"
"conkeldurr","double-edge"
"conkeldurr","drain-punch"
"conkeldurr","dynamic-punch"
"conkeldurr","earthquake"
"conkeldurr","endure"
"conkeldurr","facade"
"conkeldurr","fire-punch"
"conkeldurr","fling"
"conkeldurr","focus-blast"
"conkeldurr","focus-energy"
"conkeldurr","focus-punch"
"conkeldurr","giga-impact"
"conkeldurr","grass-knot"
"conkeldurr","hammer-arm"
"conkeldurr","hard-press"
"conkeldurr","helping-hand"
"conkeldurr","high-horsepower"
"conkeldurr","hyper-beam"
"conkeldurr","ice-punch"
"conkeldurr","knock-off"
"conkeldurr","low-kick"
"conkeldurr","low-sweep"
"conkeldurr","mach-punch"
"conkeldurr","mega-kick"
"conkeldurr","payback"
"conkeldurr","poison-jab"
"conkeldurr","protect"
"conkeldurr","rain-dance"
"conkeldurr","rest"
"conkeldurr","reversal"
"conkeldurr","rock-blast"
"conkeldurr","rock-slide"
"conkeldurr","rock-tomb"
"conkeldurr","round"
"conkeldurr","scary-face"
"conkeldurr","sleep-talk"
"conkeldurr","smack-down"
"conkeldurr","snore"
"conkeldurr","stomping-tantrum"
"conkeldurr","stone-edge"
"conkeldurr","substitute"
"conkeldurr","sunny-day"
"conkeldurr","superpower"
"conkeldurr","taunt"
"conkeldurr","thief"
"conkeldurr","thunder-punch"
"conkeldurr","upper-hand"
"conkeldurr","wide-guard"
"corviknight","aerial-ace"
"corviknight","agility"
"corviknight","air-cutter"
"corviknight","air-slash"
"corviknight","assurance"
"corviknight","body-press"
"corviknight","body-slam"
"corviknight","brave-bird"
"corviknight","bulk-up"
"corviknight","curse"
"corviknight","defog"
"corviknight","double-edge"
"corviknight","drill-peck"
"corviknight","dual-wingbeat"
"corviknight","endure"
"corviknight","facade"
"corviknight","fake-tears"
"corviknight","feather-dance"
"corviknight","flash-cannon"
"corviknight","fly"
"corviknight","focus-energy"
"corviknight","giga-impact"
"corviknight","heavy-slam"
"corviknight","hurricane"
"corviknight","hyper-beam"
"corviknight","iron-defense"
"corviknight","iron-head"
"corviknight","light-screen"
"corviknight","metal-sound"
"corviknight","nasty-plot"
"corviknight","payback"
"corviknight","pluck"
"corviknight","power-trip"
"corviknight","protect"
"corviknight","rain-dance"
"corviknight","reflect"
"corviknight","rest"
"corviknight","reversal"
"corviknight","roost"
"corviknight","round"
"corviknight","scary-face"
"corviknight","screech"
"corviknight","sky-attack"
"corviknight","sleep-talk"
"corviknight","snore"
"corviknight","spite"
"corviknight","steel-beam"
"corviknight","steel-wing"
"corviknight","substitute"
"corviknight","sunny-day"
"corviknight","swagger"
"corviknight","tailwind"
"corviknight","taunt"
"corviknight","thief"
"corviknight","u-turn"
"crabominable","amnesia"
"crabominable","avalanche"
"crabominable","blizzard"
"crabominable","body-press"
"crabominable","body-slam"
"crabominable","brick-break"
"crabominable","brutal-swing"
"crabominable","bulk-up"
"crabominable","bulldoze"
"crabominable","chilling-water"
"crabominable","close-combat"
"crabominable","coaching"
"crabominable","crabhammer"
"crabominable","dig"
"crabominable","drain-punch"
"crabominable","dynamic-punch"
"crabominable","earthquake"
"crabominable","endeavor"
"crabominable","endure"
"crabominable","facade"
"crabominable","fling"
"crabominable","focus-blast"
"crabominable","focus-punch"
"crabominable","giga-impact"
"crabominable","gunk-shot"
"crabominable","hard-press"
"crabominable","helping-hand"
"crabominable","hyper-beam"
"crabominable","ice-beam"
"crabominable","ice-hammer"
"crabominable","ice-punch"
"crabominable","ice-spinner"
"crabominable","icicle-spear"
"crabominable","icy-wind"
"crabominable","iron-defense"
"crabominable","iron-head"
"crabominable","knock-off"
"crabominable","liquidation"
"crabominable","mach-punch"
"crabominable","mud-shot"
"crabominable","mud-slap"
"crabominable","payback"
"crabominable","protect"
"crabominable","rain-dance"
"crabominable","rest"
"crabominable","reversal"
"crabominable","rock-slide"
"crabominable","rock-tomb"
"crabominable","round"
"crabominable","scary-face"
"crabominable","sleep-talk"
"crabominable","snore"
"crabominable","snowscape"
"crabominable","stomping-tantrum"
"crabominable","substitute"
"crabominable","sunny-day"
"crabominable","superpower"
"crabominable","swagger"
"crabominable","thief"
"crabominable","thunder-punch"
"crabominable","upper-hand"
"crabominable","wide-guard"
"crabominable","zen-headbutt"
"decidueye","acrobatics"
"decidueye","aerial-ace"
"decidueye","air-cutter"
"decidueye","air-slash"
"decidueye","baton-pass"
"decidueye","brave-bird"
"decidueye","bullet-seed"
"decidueye","confuse-ray"
"decidueye","curse"
"decidueye","defog"
"decidueye","double-team"
"decidueye","dual-wingbeat"
"decidueye","endure"
"decidueye","energy-ball"
"decidueye","facade"
"decidueye","feather-dance"
"decidueye","frenzy-plant"
"decidueye","giga-drain"
"decidueye","giga-impact"
"decidueye","grass-knot"
"decidueye","grassy-glide"
"decidueye","grassy-terrain"
"decidueye","haze"
"decidueye","helping-hand"
"decidueye","hex"
"decidueye","hurricane"
"decidueye","hyper-beam"
"decidueye","imprison"
"decidueye","knock-off"
"decidueye","leaf-blade"
"decidueye","leaf-storm"
"decidueye","light-screen"
"decidueye","low-kick"
"decidueye","low-sweep"
"decidueye","nasty-plot"
"decidueye","night-shade"
"decidueye","phantom-force"
"decidueye","pluck"
"decidueye","poltergeist"
"decidueye","protect"
"decidueye","psycho-cut"
"decidueye","rain-dance"
"decidueye","rest"
"decidueye","roost"
"decidueye","round"
"decidueye","seed-bomb"
"decidueye","shadow-ball"
"decidueye","shadow-claw"
"decidueye","shadow-sneak"
"decidueye","skitter-smack"
"decidueye","sleep-talk"
"decidueye","smack-down"
"decidueye","snore"
"decidueye","solar-beam"
"decidueye","solar-blade"
"decidueye","spirit-shackle"
"decidueye","spite"
"decidueye","steel-wing"
"decidueye","substitute"
"decidueye","sucker-punch"
"decidueye","sunny-day"
"decidueye","swords-dance"
"decidueye","synthesis"
"decidueye","tailwind"
"decidueye","trailblaze"
"decidueye","u-turn"
"decidueye-hisui","aerial-ace"
"decidueye-hisui","air-cutter"
"decidueye-hisui","air-slash"
"decidueye-hisui","aura-sphere"
"decidueye-hisui","baton-pass"
"decidueye-hisui","brave-bird"
"decidueye-hisui","brick-break"
"decidueye-hisui","bulk-up"
"decidueye-hisui","bullet-seed"
"decidueye-hisui","close-combat"
"decidueye-hisui","coaching"
"decidueye-hisui","confuse-ray"
"decidueye-hisui","defog"
"decidueye-hisui","double-team"
"decidueye-hisui","dual-wingbeat"
"decidueye-hisui","endure"
"decidueye-hisui","energy-ball"
"decidueye-hisui","facade"
"decidueye-hisui","feather-dance"
"decidueye-hisui","focus-blast"
"decidueye-hisui","focus-punch"
"decidueye-hisui","frenzy-plant"
"decidueye-hisui","giga-drain"
"decidueye-hisui","giga-impact"
"decidueye-hisui","grass-knot"
"decidueye-hisui","grassy-glide"
"decidueye-hisui","grassy-terrain"
"decidueye-hisui","haze"
"decidueye-hisui","helping-hand"
"decidueye-hisui","hyper-beam"
"decidueye-hisui","knock-off"
"decidueye-hisui","leaf-blade"
"decidueye-hisui","leaf-storm"
"decidueye-hisui","light-screen"
"decidueye-hisui","low-kick"
"decidueye-hisui","low-sweep"
"decidueye-hisui","nasty-plot"
"decidueye-hisui","night-shade"
"decidueye-hisui","pluck"
"decidueye-hisui","protect"
"decidueye-hisui","rain-dance"
"decidueye-hisui","rest"
"decidueye-hisui","reversal"
"decidueye-hisui","rock-tomb"
"decidueye-hisui","roost"
"decidueye-hisui","round"
"decidueye-hisui","scary-face"
"decidueye-hisui","seed-bomb"
"decidueye-hisui","shadow-claw"
"decidueye-hisui","shadow-sneak"
"decidueye-hisui","sleep-talk"
"decidueye-hisui","smack-down"
"decidueye-hisui","snore"
"decidueye-hisui","solar-beam"
"decidueye-hisui","steel-wing"
"decidueye-hisui","substitute"
"decidueye-hisui","sucker-punch"
"decidueye-hisui","sunny-day"
"decidueye-hisui","swords-dance"
"decidueye-hisui","synthesis"
"decidueye-hisui","tailwind"
"decidueye-hisui","taunt"
"decidueye-hisui","trailblaze"
"decidueye-hisui","triple-arrows"
"decidueye-hisui","u-turn"
"decidueye-hisui","upper-hand"
"dedenne","agility"
"dedenne","charge"
"dedenne","charge-beam"
"dedenne","charm"
"dedenne","covet"
"dedenne","dazzling-gleam"
"dedenne","dig"
"dedenne","discharge"
"dedenne","draining-kiss"
"dedenne","eerie-impulse"
"dedenne","electric-terrain"
"dedenne","electro-ball"
"dedenne","electroweb"
"dedenne","endeavor"
"dedenne","endure"
"dedenne","entrainment"
"dedenne","facade"
"dedenne","fling"
"dedenne","giga-impact"
"dedenne","grass-knot"
"dedenne","helping-hand"
"dedenne","hyper-beam"
"dedenne","iron-tail"
"dedenne","light-screen"
"dedenne","magnet-rise"
"dedenne","misty-terrain"
"dedenne","nuzzle"
"dedenne","parabolic-charge"
"dedenne","play-rough"
"dedenne","protect"
"dedenne","rain-dance"
"dedenne","rest"
"dedenne","rising-voltage"
"dedenne","round"
"dedenne","seed-bomb"
"dedenne","sleep-talk"
"dedenne","snore"
"dedenne","substitute"
"dedenne","sunny-day"
"dedenne","super-fang"
"dedenne","tearful-look"
"dedenne","thief"
"dedenne","thunder"
"dedenne","thunder-punch"
"dedenne","thunder-wave"
"dedenne","thunderbolt"
"dedenne","trailblaze"
"dedenne","u-turn"
"dedenne","volt-switch"
"dedenne","wild-charge"
"delphox","agility"
"delphox","blast-burn"
"delphox","burning-jealousy"
"delphox","calm-mind"
"delphox","charm"
"delphox","confuse-ray"
"delphox","copycat"
"delphox","dazzling-gleam"
"delphox","double-team"
"delphox","encore"
"delphox","endure"
"delphox","expanding-force"
"delphox","facade"
"delphox","fire-blast"
"delphox","fire-punch"
"delphox","fire-spin"
"delphox","flame-charge"
"delphox","flamethrower"
"delphox","flare-blitz"
"delphox","focus-blast"
"delphox","foul-play"
"delphox","future-sight"
"delphox","giga-impact"
"delphox","grass-knot"
"delphox","heat-wave"
"delphox","helping-hand"
"delphox","hex"
"delphox","howl"
"delphox","hyper-beam"
"delphox","hyper-voice"
"delphox","hypnosis"
"delphox","imprison"
"delphox","iron-tail"
"delphox","light-screen"
"delphox","low-kick"
"delphox","magic-room"
"delphox","mud-shot"
"delphox","mud-slap"
"delphox","mystical-fire"
"delphox","nasty-plot"
"delphox","night-shade"
"delphox","overheat"
"delphox","protect"
"delphox","psych-up"
"delphox","psychic"
"delphox","psychic-noise"
"delphox","psychic-terrain"
"delphox","psyshock"
"delphox","rain-dance"
"delphox","reflect"
"delphox","rest"
"delphox","role-play"
"delphox","round"
"delphox","safeguard"
"delphox","scorching-sands"
"delphox","shadow-ball"
"delphox","skill-swap"
"delphox","sleep-talk"
"delphox","snore"
"delphox","solar-beam"
"delphox","stored-power"
"delphox","substitute"
"delphox","sunny-day"
"delphox","switcheroo"
"delphox","thief"
"delphox","thunder-punch"
"delphox","trick"
"delphox","trick-room"
"delphox","will-o-wisp"
"delphox","wish"
"delphox","wonder-room"
"delphox","zen-headbutt"
"diggersby","agility"
"diggersby","attract"
"diggersby","body-slam"
"diggersby","bounce"
"diggersby","brick-break"
"diggersby","brutal-swing"
"diggersby","bulk-up"
"diggersby","bulldoze"
"diggersby","dig"
"diggersby","earth-power"
"diggersby","earthquake"
"diggersby","endure"
"diggersby","facade"
"diggersby","fire-punch"
"diggersby","fissure"
"diggersby","flail"
"diggersby","fling"
"diggersby","foul-play"
"diggersby","giga-impact"
"diggersby","grass-knot"
"diggersby","gunk-shot"
"diggersby","hammer-arm"
"diggersby","high-horsepower"
"diggersby","hyper-beam"
"diggersby","ice-punch"
"diggersby","iron-head"
"diggersby","iron-tail"
"diggersby","low-kick"
"diggersby","mega-kick"
"diggersby","mud-shot"
"diggersby","mud-slap"
"diggersby","payback"
"diggersby","protect"
"diggersby","quick-attack"
"diggersby","rest"
"diggersby","rock-slide"
"diggersby","rock-tomb"
"diggersby","round"
"diggersby","sand-tomb"
"diggersby","sandstorm"
"diggersby","scorching-sands"
"diggersby","sleep-talk"
"diggersby","sludge-bomb"
"diggersby","snore"
"diggersby","spikes"
"diggersby","stomping-tantrum"
"diggersby","stone-edge"
"diggersby","substitute"
"diggersby","super-fang"
"diggersby","superpower"
"diggersby","surf"
"diggersby","swords-dance"
"diggersby","thief"
"diggersby","thunder-punch"
"diggersby","trailblaze"
"diggersby","u-turn"
"diggersby","uproar"
"diggersby","wild-charge"
"ditto","transform"
"dragapult","acrobatics"
"dragapult","agility"
"dragapult","assurance"
"dragapult","baton-pass"
"dragapult","beat-up"
"dragapult","bite"
"dragapult","body-slam"
"dragapult","breaking-swipe"
"dragapult","confuse-ray"
"dragapult","curse"
"dragapult","disable"
"dragapult","dive"
"dragapult","double-edge"
"dragapult","double-hit"
"dragapult","double-team"
"dragapult","draco-meteor"
"dragapult","dragon-cheer"
"dragapult","dragon-claw"
"dragapult","dragon-dance"
"dragapult","dragon-darts"
"dragapult","dragon-pulse"
"dragapult","dragon-rush"
"dragapult","dragon-tail"
"dragapult","endure"
"dragapult","facade"
"dragapult","fire-blast"
"dragapult","flamethrower"
"dragapult","fly"
"dragapult","giga-impact"
"dragapult","helping-hand"
"dragapult","hex"
"dragapult","hydro-pump"
"dragapult","hyper-beam"
"dragapult","infestation"
"dragapult","last-resort"
"dragapult","light-screen"
"dragapult","lock-on"
"dragapult","night-shade"
"dragapult","outrage"
"dragapult","phantom-force"
"dragapult","pounce"
"dragapult","protect"
"dragapult","psychic-fangs"
"dragapult","quick-attack"
"dragapult","reflect"
"dragapult","rest"
"dragapult","round"
"dragapult","shadow-ball"
"dragapult","sleep-talk"
"dragapult","snore"
"dragapult","solar-beam"
"dragapult","steel-wing"
"dragapult","substitute"
"dragapult","sucker-punch"
"dragapult","sunny-day"
"dragapult","surf"
"dragapult","thief"
"dragapult","thunder"
"dragapult","thunder-wave"
"dragapult","thunderbolt"
"dragapult","tri-attack"
"dragapult","u-turn"
"dragapult","will-o-wisp"
"dragonite","aerial-ace"
"dragonite","agility"
"dragonite","air-cutter"
"dragonite","air-slash"
"dragonite","aqua-jet"
"dragonite","aqua-tail"
"dragonite","blizzard"
"dragonite","body-press"
"dragonite","body-slam"
"dragonite","breaking-swipe"
"dragonite","brick-break"
"dragonite","brutal-swing"
"dragonite","bulldoze"
"dragonite","chilling-water"
"dragonite","dive"
"dragonite","draco-meteor"
"dragonite","dragon-cheer"
"dragonite","dragon-claw"
"dragonite","dragon-dance"
"dragonite","dragon-pulse"
"dragonite","dragon-rush"
"dragonite","dragon-tail"
"dragonite","earthquake"
"dragonite","endure"
"dragonite","extreme-speed"
"dragonite","facade"
"dragonite","fire-blast"
"dragonite","fire-punch"
"dragonite","fire-spin"
"dragonite","flamethrower"
"dragonite","fling"
"dragonite","fly"
"dragonite","focus-blast"
"dragonite","focus-punch"
"dragonite","giga-impact"
"dragonite","haze"
"dragonite","heat-wave"
"dragonite","helping-hand"
"dragonite","hurricane"
"dragonite","hydro-pump"
"dragonite","hyper-beam"
"dragonite","ice-beam"
"dragonite","ice-punch"
"dragonite","ice-spinner"
"dragonite","icy-wind"
"dragonite","iron-head"
"dragonite","iron-tail"
"dragonite","light-screen"
"dragonite","low-kick"
"dragonite","mega-kick"
"dragonite","outrage"
"dragonite","protect"
"dragonite","rain-dance"
"dragonite","rest"
"dragonite","roar"
"dragonite","rock-slide"
"dragonite","rock-tomb"
"dragonite","roost"
"dragonite","round"
"dragonite","safeguard"
"dragonite","sandstorm"
"dragonite","scale-shot"
"dragonite","scary-face"
"dragonite","sleep-talk"
"dragonite","snore"
"dragonite","snowscape"
"dragonite","steel-wing"
"dragonite","stomping-tantrum"
"dragonite","stone-edge"
"dragonite","substitute"
"dragonite","sunny-day"
"dragonite","superpower"
"dragonite","surf"
"dragonite","tailwind"
"dragonite","thunder"
"dragonite","thunder-punch"
"dragonite","thunder-wave"
"dragonite","thunderbolt"
"dragonite","water-pulse"
"dragonite","waterfall"
"dragonite","weather-ball"
"dragonite","whirlwind"
"dragonite","wrap"
"drampa","amnesia"
"drampa","attract"
"drampa","blizzard"
"drampa","body-slam"
"drampa","breaking-swipe"
"drampa","bulldoze"
"drampa","calm-mind"
"drampa","draco-meteor"
"drampa","dragon-cheer"
"drampa","dragon-claw"
"drampa","dragon-dance"
"drampa","dragon-pulse"
"drampa","dragon-rush"
"drampa","earth-power"
"drampa","earthquake"
"drampa","endure"
"drampa","energy-ball"
"drampa","extrasensory"
"drampa","facade"
"drampa","fire-blast"
"drampa","flamethrower"
"drampa","fling"
"drampa","fly"
"drampa","focus-blast"
"drampa","giga-impact"
"drampa","glare"
"drampa","grass-knot"
"drampa","heat-wave"
"drampa","helping-hand"
"drampa","hurricane"
"drampa","hydro-pump"
"drampa","hyper-beam"
"drampa","hyper-voice"
"drampa","ice-beam"
"drampa","icy-wind"
"drampa","lash-out"
"drampa","light-screen"
"drampa","outrage"
"drampa","play-rough"
"drampa","protect"
"drampa","rain-dance"
"drampa","rest"
"drampa","rock-slide"
"drampa","roost"
"drampa","round"
"drampa","safeguard"
"drampa","scale-shot"
"drampa","shadow-ball"
"drampa","shadow-claw"
"drampa","sleep-talk"
"drampa","snarl"
"drampa","snore"
"drampa","solar-beam"
"drampa","steel-wing"
"drampa","stomping-tantrum"
"drampa","substitute"
"drampa","sunny-day"
"drampa","superpower"
"drampa","surf"
"drampa","thunder"
"drampa","thunder-wave"
"drampa","thunderbolt"
"drampa","tickle"
"drampa","tri-attack"
"drampa","uproar"
"drampa","whirlwind"
"emboar","assurance"
"emboar","blast-burn"
"emboar","body-press"
"emboar","body-slam"
"emboar","brick-break"
"emboar","bulk-up"
"emboar","bulldoze"
"emboar","burn-up"
"emboar","close-combat"
"emboar","coaching"
"emboar","curse"
"emboar","dig"
"emboar","double-edge"
"emboar","drain-punch"
"emboar","earthquake"
"emboar","endeavor"
"emboar","endure"
"emboar","facade"
"emboar","fire-blast"
"emboar","fire-punch"
"emboar","fire-spin"
"emboar","flame-charge"
"emboar","flamethrower"
"emboar","flare-blitz"
"emboar","fling"
"emboar","focus-blast"
"emboar","focus-energy"
"emboar","focus-punch"
"emboar","giga-impact"
"emboar","grass-knot"
"emboar","gyro-ball"
"emboar","hammer-arm"
"emboar","hard-press"
"emboar","head-smash"
"emboar","heat-crash"
"emboar","heat-wave"
"emboar","heavy-slam"
"emboar","helping-hand"
"emboar","high-horsepower"
"emboar","hyper-beam"
"emboar","iron-head"
"emboar","iron-tail"
"emboar","knock-off"
"emboar","low-kick"
"emboar","low-sweep"
"emboar","mud-slap"
"emboar","overheat"
"emboar","poison-jab"
"emboar","protect"
"emboar","rest"
"emboar","reversal"
"emboar","roar"
"emboar","rock-slide"
"emboar","rock-tomb"
"emboar","round"
"emboar","scald"
"emboar","scary-face"
"emboar","scorching-sands"
"emboar","sleep-talk"
"emboar","smack-down"
"emboar","snore"
"emboar","solar-beam"
"emboar","solar-blade"
"emboar","stomping-tantrum"
"emboar","stone-edge"
"emboar","storm-throw"
"emboar","substitute"
"emboar","sucker-punch"
"emboar","sunny-day"
"emboar","superpower"
"emboar","taunt"
"emboar","temper-flare"
"emboar","thrash"
"emboar","thunder-punch"
"emboar","trailblaze"
"emboar","wild-charge"
"emboar","will-o-wisp"
"emboar","yawn"
"emboar","zen-headbutt"
"emolga","acrobatics"
"emolga","agility"
"emolga","air-slash"
"emolga","attract"
"emolga","baton-pass"
"emolga","charge"
"emolga","charge-beam"
"emolga","charm"
"emolga","covet"
"emolga","defog"
"emolga","discharge"
"emolga","double-team"
"emolga","dual-wingbeat"
"emolga","eerie-impulse"
"emolga","electro-ball"
"emolga","electroweb"
"emolga","encore"
"emolga","endure"
"emolga","energy-ball"
"emolga","facade"
"emolga","fling"
"emolga","helping-hand"
"emolga","iron-tail"
"emolga","light-screen"
"emolga","nuzzle"
"emolga","pounce"
"emolga","protect"
"emolga","quick-attack"
"emolga","rain-dance"
"emolga","rest"
"emolga","rising-voltage"
"emolga","roost"
"emolga","round"
"emolga","sleep-talk"
"emolga","snore"
"emolga","solar-beam"
"emolga","speed-swap"
"emolga","substitute"
"emolga","taunt"
"emolga","thunder"
"emolga","thunder-wave"
"emolga","thunderbolt"
"emolga","tickle"
"emolga","u-turn"
"emolga","volt-switch"
"emolga","wild-charge"
"empoleon","aerial-ace"
"empoleon","agility"
"empoleon","air-cutter"
"empoleon","air-slash"
"empoleon","aqua-jet"
"empoleon","aqua-ring"
"empoleon","attract"
"empoleon","avalanche"
"empoleon","blizzard"
"empoleon","body-slam"
"empoleon","brick-break"
"empoleon","bulldoze"
"empoleon","charm"
"empoleon","chilling-water"
"empoleon","dig"
"empoleon","dive"
"empoleon","double-edge"
"empoleon","drill-peck"
"empoleon","dual-wingbeat"
"empoleon","earthquake"
"empoleon","endure"
"empoleon","facade"
"empoleon","feather-dance"
"empoleon","flash-cannon"
"empoleon","fling"
"empoleon","flip-turn"
"empoleon","giga-impact"
"empoleon","grass-knot"
"empoleon","haze"
"empoleon","helping-hand"
"empoleon","hydro-cannon"
"empoleon","hydro-pump"
"empoleon","hyper-beam"
"empoleon","ice-beam"
"empoleon","ice-spinner"
"empoleon","icy-wind"
"empoleon","iron-defense"
"empoleon","knock-off"
"empoleon","lash-out"
"empoleon","liquidation"
"empoleon","metal-sound"
"empoleon","mud-slap"
"empoleon","power-trip"
"empoleon","protect"
"empoleon","psych-up"
"empoleon","rain-dance"
"empoleon","rest"
"empoleon","roar"
"empoleon","rock-slide"
"empoleon","rock-tomb"
"empoleon","roost"
"empoleon","round"
"empoleon","scary-face"
"empoleon","shadow-claw"
"empoleon","sleep-talk"
"empoleon","snore"
"empoleon","snowscape"
"empoleon","stealth-rock"
"empoleon","steel-beam"
"empoleon","steel-wing"
"empoleon","substitute"
"empoleon","surf"
"empoleon","swagger"
"empoleon","swords-dance"
"empoleon","throat-chop"
"empoleon","triple-axel"
"empoleon","uproar"
"empoleon","vacuum-wave"
"empoleon","water-pulse"
"empoleon","waterfall"
"empoleon","wave-crash"
"empoleon","weather-ball"
"empoleon","whirlpool"
"empoleon","yawn"
"espathra","aerial-ace"
"espathra","agility"
"espathra","ally-switch"
"espathra","baby-doll-eyes"
"espathra","baton-pass"
"espathra","body-slam"
"espathra","brave-bird"
"espathra","calm-mind"
"espathra","confuse-ray"
"espathra","dazzling-gleam"
"espathra","double-edge"
"espathra","drill-peck"
"espathra","endure"
"espathra","energy-ball"
"espathra","expanding-force"
"espathra","facade"
"espathra","feather-dance"
"espathra","flash-cannon"
"espathra","foul-play"
"espathra","giga-impact"
"espathra","helping-hand"
"espathra","hex"
"espathra","hyper-beam"
"espathra","hyper-voice"
"espathra","hypnosis"
"espathra","last-resort"
"espathra","light-screen"
"espathra","low-kick"
"espathra","lumina-crash"
"espathra","mud-slap"
"espathra","night-shade"
"espathra","pluck"
"espathra","pounce"
"espathra","protect"
"espathra","psych-up"
"espathra","psychic"
"espathra","psychic-terrain"
"espathra","psyshock"
"espathra","quick-attack"
"espathra","rain-dance"
"espathra","reflect"
"espathra","rest"
"espathra","roost"
"espathra","sandstorm"
"espathra","seed-bomb"
"espathra","shadow-ball"
"espathra","skill-swap"
"espathra","sleep-talk"
"espathra","stored-power"
"espathra","substitute"
"espathra","sunny-day"
"espathra","thief"
"espathra","trick"
"espathra","trick-room"
"espathra","u-turn"
"espathra","uproar"
"espathra","zen-headbutt"
"espeon","alluring-voice"
"espeon","baby-doll-eyes"
"espeon","baton-pass"
"espeon","bite"
"espeon","body-slam"
"espeon","calm-mind"
"espeon","charm"
"espeon","confuse-ray"
"espeon","copycat"
"espeon","covet"
"espeon","curse"
"espeon","dazzling-gleam"
"espeon","detect"
"espeon","dig"
"espeon","double-edge"
"espeon","draining-kiss"
"espeon","endure"
"espeon","expanding-force"
"espeon","facade"
"espeon","fake-tears"
"espeon","flail"
"espeon","focus-energy"
"espeon","future-sight"
"espeon","giga-impact"
"espeon","grass-knot"
"espeon","gravity"
"espeon","helping-hand"
"espeon","hyper-beam"
"espeon","hyper-voice"
"espeon","imprison"
"espeon","last-resort"
"espeon","light-screen"
"espeon","magic-room"
"espeon","morning-sun"
"espeon","mud-slap"
"espeon","power-gem"
"espeon","power-swap"
"espeon","protect"
"espeon","psych-up"
"espeon","psychic"
"espeon","psychic-fangs"
"espeon","psychic-noise"
"espeon","psychic-terrain"
"espeon","psyshock"
"espeon","quick-attack"
"espeon","rain-dance"
"espeon","reflect"
"espeon","rest"
"espeon","roar"
"espeon","round"
"espeon","safeguard"
"espeon","shadow-ball"
"espeon","skill-swap"
"espeon","sleep-talk"
"espeon","snore"
"espeon","stored-power"
"espeon","substitute"
"espeon","sunny-day"
"espeon","thunder-wave"
"espeon","tickle"
"espeon","trailblaze"
"espeon","trick"
"espeon","trick-room"
"espeon","weather-ball"
"espeon","wish"
"espeon","yawn"
"espeon","zen-headbutt"
"excadrill","aerial-ace"
"excadrill","body-slam"
"excadrill","brick-break"
"excadrill","brutal-swing"
"excadrill","bulldoze"
"excadrill","crush-claw"
"excadrill","curse"
"excadrill","dig"
"excadrill","double-edge"
"excadrill","drill-run"
"excadrill","earth-power"
"excadrill","earthquake"
"excadrill","endure"
"excadrill","facade"
"excadrill","fissure"
"excadrill","fling"
"excadrill","focus-blast"
"excadrill","giga-impact"
"excadrill","helping-hand"
"excadrill","high-horsepower"
"excadrill","horn-drill"
"excadrill","hyper-beam"
"excadrill","iron-defense"
"excadrill","iron-head"
"excadrill","megahorn"
"excadrill","metal-sound"
"excadrill","mud-shot"
"excadrill","mud-slap"
"excadrill","poison-jab"
"excadrill","protect"
"excadrill","rapid-spin"
"excadrill","rest"
"excadrill","rock-blast"
"excadrill","rock-slide"
"excadrill","rock-tomb"
"excadrill","round"
"excadrill","sand-tomb"
"excadrill","sandstorm"
"excadrill","scary-face"
"excadrill","scorching-sands"
"excadrill","shadow-claw"
"excadrill","sleep-talk"
"excadrill","sludge-bomb"
"excadrill","smart-strike"
"excadrill","snore"
"excadrill","stealth-rock"
"excadrill","steel-beam"
"excadrill","stomping-tantrum"
"excadrill","substitute"
"excadrill","sunny-day"
"excadrill","swords-dance"
"excadrill","throat-chop"
"excadrill","x-scissor"
"farigiraf","agility"
"farigiraf","ally-switch"
"farigiraf","amnesia"
"farigiraf","assurance"
"farigiraf","baton-pass"
"farigiraf","beat-up"
"farigiraf","body-slam"
"farigiraf","bulldoze"
"farigiraf","calm-mind"
"farigiraf","charge-beam"
"farigiraf","confuse-ray"
"farigiraf","crunch"
"farigiraf","curse"
"farigiraf","dazzling-gleam"
"farigiraf","double-edge"
"farigiraf","double-hit"
"farigiraf","earthquake"
"farigiraf","endeavor"
"farigiraf","endure"
"farigiraf","energy-ball"
"farigiraf","expanding-force"
"farigiraf","facade"
"farigiraf","foul-play"
"farigiraf","future-sight"
"farigiraf","giga-impact"
"farigiraf","grass-knot"
"farigiraf","gravity"
"farigiraf","guard-swap"
"farigiraf","helping-hand"
"farigiraf","high-horsepower"
"farigiraf","hyper-beam"
"farigiraf","hyper-voice"
"farigiraf","imprison"
"farigiraf","iron-head"
"farigiraf","light-screen"
"farigiraf","low-kick"
"farigiraf","mean-look"
"farigiraf","mirror-coat"
"farigiraf","nasty-plot"
"farigiraf","night-shade"
"farigiraf","power-swap"
"farigiraf","protect"
"farigiraf","psych-up"
"farigiraf","psychic"
"farigiraf","psychic-fangs"
"farigiraf","psychic-noise"
"farigiraf","psychic-terrain"
"farigiraf","psyshock"
"farigiraf","rain-dance"
"farigiraf","reflect"
"farigiraf","rest"
"farigiraf","roar"
"farigiraf","shadow-ball"
"farigiraf","skill-swap"
"farigiraf","sleep-talk"
"farigiraf","stomping-tantrum"
"farigiraf","stored-power"
"farigiraf","substitute"
"farigiraf","sunny-day"
"farigiraf","thief"
"farigiraf","thunder"
"farigiraf","thunder-wave"
"farigiraf","thunderbolt"
"farigiraf","trailblaze"
"farigiraf","trick"
"farigiraf","trick-room"
"farigiraf","twin-beam"
"farigiraf","uproar"
"farigiraf","wish"
"farigiraf","zen-headbutt"
"feraligatr","aerial-ace"
"feraligatr","agility"
"feraligatr","ancient-power"
"feraligatr","aqua-jet"
"feraligatr","aqua-tail"
"feraligatr","avalanche"
"feraligatr","bite"
"feraligatr","blizzard"
"feraligatr","block"
"feraligatr","body-slam"
"feraligatr","breaking-swipe"
"feraligatr","brick-break"
"feraligatr","brutal-swing"
"feraligatr","bulldoze"
"feraligatr","chilling-water"
"feraligatr","counter"
"feraligatr","crunch"
"feraligatr","curse"
"feraligatr","dig"
"feraligatr","dive"
"feraligatr","double-edge"
"feraligatr","dragon-claw"
"feraligatr","dragon-dance"
"feraligatr","dragon-pulse"
"feraligatr","dragon-tail"
"feraligatr","earthquake"
"feraligatr","endeavor"
"feraligatr","endure"
"feraligatr","facade"
"feraligatr","fake-tears"
"feraligatr","flail"
"feraligatr","flatter"
"feraligatr","fling"
"feraligatr","flip-turn"
"feraligatr","focus-blast"
"feraligatr","focus-punch"
"feraligatr","giga-impact"
"feraligatr","helping-hand"
"feraligatr","hydro-cannon"
"feraligatr","hydro-pump"
"feraligatr","hyper-beam"
"feraligatr","ice-beam"
"feraligatr","ice-fang"
"feraligatr","ice-punch"
"feraligatr","icy-wind"
"feraligatr","iron-tail"
"feraligatr","lash-out"
"feraligatr","liquidation"
"feraligatr","low-kick"
"feraligatr","mega-kick"
"feraligatr","mud-shot"
"feraligatr","mud-slap"
"feraligatr","muddy-water"
"feraligatr","outrage"
"feraligatr","protect"
"feraligatr","psychic-fangs"
"feraligatr","rain-dance"
"feraligatr","rest"
"feraligatr","roar"
"feraligatr","rock-slide"
"feraligatr","rock-tomb"
"feraligatr","round"
"feraligatr","scale-shot"
"feraligatr","scary-face"
"feraligatr","screech"
"feraligatr","shadow-claw"
"feraligatr","sleep-talk"
"feraligatr","snarl"
"feraligatr","snore"
"feraligatr","spite"
"feraligatr","stomping-tantrum"
"feraligatr","substitute"
"feraligatr","superpower"
"feraligatr","surf"
"feraligatr","swords-dance"
"feraligatr","thief"
"feraligatr","thrash"
"feraligatr","trailblaze"
"feraligatr","uproar"
"feraligatr","water-pulse"
"feraligatr","waterfall"
"feraligatr","whirlpool"
"flapple","acid-spray"
"flapple","acrobatics"
"flapple","aerial-ace"
"flapple","air-slash"
"flapple","bullet-seed"
"flapple","draco-meteor"
"flapple","dragon-dance"
"flapple","dragon-pulse"
"flapple","dragon-rush"
"flapple","dual-wingbeat"
"flapple","endeavor"
"flapple","endure"
"flapple","energy-ball"
"flapple","facade"
"flapple","fly"
"flapple","focus-energy"
"flapple","giga-drain"
"flapple","giga-impact"
"flapple","grass-knot"
"flapple","grassy-glide"
"flapple","grassy-terrain"
"flapple","grav-apple"
"flapple","growth"
"flapple","heavy-slam"
"flapple","hyper-beam"
"flapple","iron-defense"
"flapple","leaf-storm"
"flapple","leech-seed"
"flapple","outrage"
"flapple","pounce"
"flapple","protect"
"flapple","recycle"
"flapple","rest"
"flapple","round"
"flapple","scary-face"
"flapple","seed-bomb"
"flapple","sleep-talk"
"flapple","snore"
"flapple","solar-beam"
"flapple","substitute"
"flapple","sucker-punch"
"flapple","sunny-day"
"flapple","trailblaze"
"flapple","u-turn"
"flareon","alluring-voice"
"flareon","baby-doll-eyes"
"flareon","baton-pass"
"flareon","bite"
"flareon","body-slam"
"flareon","burning-jealousy"
"flareon","calm-mind"
"flareon","charm"
"flareon","copycat"
"flareon","covet"
"flareon","curse"
"flareon","detect"
"flareon","dig"
"flareon","double-edge"
"flareon","endeavor"
"flareon","endure"
"flareon","facade"
"flareon","fake-tears"
"flareon","fire-blast"
"flareon","fire-fang"
"flareon","fire-spin"
"flareon","flail"
"flareon","flame-charge"
"flareon","flamethrower"
"flareon","flare-blitz"
"flareon","focus-energy"
"flareon","giga-impact"
"flareon","heat-wave"
"flareon","helping-hand"
"flareon","hyper-beam"
"flareon","hyper-voice"
"flareon","last-resort"
"flareon","lava-plume"
"flareon","mud-slap"
"flareon","overheat"
"flareon","protect"
"flareon","quick-attack"
"flareon","rain-dance"
"flareon","rest"
"flareon","roar"
"flareon","round"
"flareon","scary-face"
"flareon","scorching-sands"
"flareon","shadow-ball"
"flareon","sleep-talk"
"flareon","snore"
"flareon","stored-power"
"flareon","substitute"
"flareon","sunny-day"
"flareon","superpower"
"flareon","temper-flare"
"flareon","tickle"
"flareon","trailblaze"
"flareon","weather-ball"
"flareon","will-o-wisp"
"flareon","wish"
"flareon","yawn"
"floette","alluring-voice"
"floette","baton-pass"
"floette","calm-mind"
"floette","charm"
"floette","chilling-water"
"floette","copycat"
"floette","dazzling-gleam"
"floette","draining-kiss"
"floette","endeavor"
"floette","endure"
"floette","energy-ball"
"floette","facade"
"floette","giga-drain"
"floette","grass-knot"
"floette","grassy-terrain"
"floette","helping-hand"
"floette","hyper-beam"
"floette","light-of-ruin"
"floette","light-screen"
"floette","misty-terrain"
"floette","moonblast"
"floette","petal-blizzard"
"floette","petal-dance"
"floette","pollen-puff"
"floette","protect"
"floette","psychic"
"floette","rain-dance"
"floette","rest"
"floette","safeguard"
"floette","seed-bomb"
"floette","skill-swap"
"floette","sleep-talk"
"floette","solar-beam"
"floette","stored-power"
"floette","substitute"
"floette","sunny-day"
"floette","synthesis"
"floette","tearful-look"
"floette","trailblaze"
"floette","trick"
"floette","wish"
"florges","alluring-voice"
"florges","baton-pass"
"florges","calm-mind"
"florges","charm"
"florges","chilling-water"
"florges","copycat"
"florges","dazzling-gleam"
"florges","draining-kiss"
"florges","endeavor"
"florges","endure"
"florges","energy-ball"
"florges","facade"
"florges","giga-drain"
"florges","giga-impact"
"florges","grass-knot"
"florges","grassy-glide"
"florges","grassy-terrain"
"florges","helping-hand"
"florges","hyper-beam"
"florges","light-screen"
"florges","misty-explosion"
"florges","misty-terrain"
"florges","moonblast"
"florges","petal-blizzard"
"florges","petal-dance"
"florges","pollen-puff"
"florges","protect"
"florges","psychic"
"florges","psychic-noise"
"florges","rain-dance"
"florges","rest"
"florges","round"
"florges","safeguard"
"florges","seed-bomb"
"florges","skill-swap"
"florges","sleep-talk"
"florges","snore"
"florges","solar-beam"
"florges","stored-power"
"florges","substitute"
"florges","sunny-day"
"florges","synthesis"
"florges","tearful-look"
"florges","trailblaze"
"florges","trick"
"florges","wish"
"forretress","body-press"
"forretress","body-slam"
"forretress","bug-bite"
"forretress","bug-buzz"
"forretress","bulldoze"
"forretress","counter"
"forretress","curse"
"forretress","dig"
"forretress","double-edge"
"forretress","drill-run"
"forretress","earth-power"
"forretress","earthquake"
"forretress","endure"
"forretress","explosion"
"forretress","facade"
"forretress","flail"
"forretress","flash-cannon"
"forretress","giga-drain"
"forretress","giga-impact"
"forretress","gravity"
"forretress","gyro-ball"
"forretress","hard-press"
"forretress","heavy-slam"
"forretress","helping-hand"
"forretress","hyper-beam"
"forretress","ice-spinner"
"forretress","iron-defense"
"forretress","iron-head"
"forretress","light-screen"
"forretress","lunge"
"forretress","magnet-rise"
"forretress","metal-sound"
"forretress","pain-split"
"forretress","payback"
"forretress","pin-missile"
"forretress","poison-jab"
"forretress","pounce"
"forretress","power-trick"
"forretress","protect"
"forretress","rain-dance"
"forretress","rapid-spin"
"forretress","reflect"
"forretress","rest"
"forretress","reversal"
"forretress","rock-blast"
"forretress","rock-slide"
"forretress","rock-tomb"
"forretress","round"
"forretress","sand-tomb"
"forretress","sandstorm"
"forretress","seed-bomb"
"forretress","self-destruct"
"forretress","sleep-talk"
"forretress","smart-strike"
"forretress","snore"
"forretress","solar-beam"
"forretress","spikes"
"forretress","stealth-rock"
"forretress","steel-beam"
"forretress","steel-roller"
"forretress","stone-edge"
"forretress","struggle-bug"
"forretress","substitute"
"forretress","sunny-day"
"forretress","thunder-wave"
"forretress","toxic-spikes"
"forretress","venoshock"
"forretress","volt-switch"
"forretress","zap-cannon"
"froslass","aurora-veil"
"froslass","avalanche"
"froslass","bite"
"froslass","blizzard"
"froslass","block"
"froslass","body-slam"
"froslass","charm"
"froslass","chilling-water"
"froslass","confuse-ray"
"froslass","crunch"
"froslass","curse"
"froslass","destiny-bond"
"froslass","disable"
"froslass","double-team"
"froslass","draining-kiss"
"froslass","endure"
"froslass","facade"
"froslass","fake-tears"
"froslass","fling"
"froslass","frost-breath"
"froslass","giga-impact"
"froslass","haze"
"froslass","helping-hand"
"froslass","hex"
"froslass","hyper-beam"
"froslass","ice-beam"
"froslass","ice-fang"
"froslass","ice-punch"
"froslass","ice-shard"
"froslass","ice-spinner"
"froslass","icicle-crash"
"froslass","icicle-spear"
"froslass","icy-wind"
"froslass","imprison"
"froslass","light-screen"
"froslass","nasty-plot"
"froslass","night-shade"
"froslass","pain-split"
"froslass","payback"
"froslass","phantom-force"
"froslass","poltergeist"
"froslass","protect"
"froslass","psych-up"
"froslass","psychic"
"froslass","rain-dance"
"froslass","reflect"
"froslass","rest"
"froslass","round"
"froslass","safeguard"
"froslass","scary-face"
"froslass","shadow-ball"
"froslass","sleep-talk"
"froslass","snore"
"froslass","snowscape"
"froslass","spikes"
"froslass","spite"
"froslass","substitute"
"froslass","switcheroo"
"froslass","taunt"
"froslass","thunder"
"froslass","thunder-wave"
"froslass","thunderbolt"
"froslass","trailblaze"
"froslass","trick"
"froslass","triple-axel"
"froslass","water-pulse"
"froslass","weather-ball"
"froslass","will-o-wisp"
"furfrou","attract"
"furfrou","baby-doll-eyes"
"furfrou","bite"
"furfrou","charm"
"furfrou","cotton-guard"
"furfrou","crunch"
"furfrou","dark-pulse"
"furfrou","dig"
"furfrou","double-edge"
"furfrou","endeavor"
"furfrou","endure"
"furfrou","facade"
"furfrou","fire-fang"
"furfrou","giga-impact"
"furfrou","grass-knot"
"furfrou","helping-hand"
"furfrou","hyper-voice"
"furfrou","ice-fang"
"furfrou","iron-tail"
"furfrou","last-resort"
"furfrou","protect"
"furfrou","psychic-fangs"
"furfrou","rain-dance"
"furfrou","rest"
"furfrou","roar"
"furfrou","round"
"furfrou","sleep-talk"
"furfrou","snarl"
"furfrou","snore"
"furfrou","substitute"
"furfrou","sucker-punch"
"furfrou","sunny-day"
"furfrou","surf"
"furfrou","thunder-fang"
"furfrou","thunder-wave"
"furfrou","trailblaze"
"furfrou","u-turn"
"furfrou","uproar"
"furfrou","wild-charge"
"furfrou","zen-headbutt"
"gallade","aerial-ace"
"gallade","agility"
"gallade","air-slash"
"gallade","alluring-voice"
"gallade","aqua-cutter"
"gallade","aura-sphere"
"gallade","body-slam"
"gallade","brick-break"
"gallade","bulk-up"
"gallade","bulldoze"
"gallade","calm-mind"
"gallade","charge-beam"
"gallade","charm"
"gallade","close-combat"
"gallade","coaching"
"gallade","confuse-ray"
"gallade","dazzling-gleam"
"gallade","destiny-bond"
"gallade","disable"
"gallade","double-team"
"gallade","drain-punch"
"gallade","draining-kiss"
"gallade","earthquake"
"gallade","encore"
"gallade","endure"
"gallade","energy-ball"
"gallade","expanding-force"
"gallade","facade"
"gallade","feint"
"gallade","fire-punch"
"gallade","fling"
"gallade","focus-blast"
"gallade","focus-punch"
"gallade","future-sight"
"gallade","giga-impact"
"gallade","grass-knot"
"gallade","heal-pulse"
"gallade","helping-hand"
"gallade","hex"
"gallade","hyper-beam"
"gallade","hyper-voice"
"gallade","hypnosis"
"gallade","ice-punch"
"gallade","icy-wind"
"gallade","imprison"
"gallade","knock-off"
"gallade","leaf-blade"
"gallade","life-dew"
"gallade","light-screen"
"gallade","low-kick"
"gallade","low-sweep"
"gallade","magic-room"
"gallade","mean-look"
"gallade","mega-kick"
"gallade","memento"
"gallade","misty-terrain"
"gallade","mystical-fire"
"gallade","night-shade"
"gallade","night-slash"
"gallade","pain-split"
"gallade","poison-jab"
"gallade","protect"
"gallade","psych-up"
"gallade","psychic"
"gallade","psychic-terrain"
"gallade","psycho-cut"
"gallade","psyshock"
"gallade","quick-guard"
"gallade","rain-dance"
"gallade","reflect"
"gallade","rest"
"gallade","reversal"
"gallade","rock-slide"
"gallade","rock-tomb"
"gallade","round"
"gallade","sacred-sword"
"gallade","safeguard"
"gallade","shadow-ball"
"gallade","shadow-claw"
"gallade","shadow-sneak"
"gallade","skill-swap"
"gallade","sleep-talk"
"gallade","snore"
"gallade","solar-blade"
"gallade","stone-edge"
"gallade","stored-power"
"gallade","substitute"
"gallade","sunny-day"
"gallade","swords-dance"
"gallade","taunt"
"gallade","thief"
"gallade","throat-chop"
"gallade","thunder-punch"
"gallade","thunder-wave"
"gallade","thunderbolt"
"gallade","trick"
"gallade","trick-room"
"gallade","triple-axel"
"gallade","upper-hand"
"gallade","vacuum-wave"
"gallade","wide-guard"
"gallade","will-o-wisp"
"gallade","wonder-room"
"gallade","x-scissor"
"gallade","zen-headbutt"
"garbodor","acid-spray"
"garbodor","amnesia"
"garbodor","ancient-power"
"garbodor","attract"
"garbodor","belch"
"garbodor","body-press"
"garbodor","body-slam"
"garbodor","clear-smog"
"garbodor","corrosive-gas"
"garbodor","cross-poison"
"garbodor","curse"
"garbodor","dark-pulse"
"garbodor","drain-punch"
"garbodor","endure"
"garbodor","explosion"
"garbodor","facade"
"garbodor","fling"
"garbodor","focus-blast"
"garbodor","giga-drain"
"garbodor","giga-impact"
"garbodor","gunk-shot"
"garbodor","haze"
"garbodor","hyper-beam"
"garbodor","mud-shot"
"garbodor","pain-split"
"garbodor","payback"
"garbodor","poison-jab"
"garbodor","protect"
"garbodor","psychic"
"garbodor","rain-dance"
"garbodor","recycle"
"garbodor","rest"
"garbodor","rock-blast"
"garbodor","round"
"garbodor","screech"
"garbodor","seed-bomb"
"garbodor","self-destruct"
"garbodor","sleep-talk"
"garbodor","sludge-bomb"
"garbodor","sludge-wave"
"garbodor","snore"
"garbodor","solar-beam"
"garbodor","spikes"
"garbodor","stockpile"
"garbodor","stomping-tantrum"
"garbodor","substitute"
"garbodor","sunny-day"
"garbodor","swallow"
"garbodor","thief"
"garbodor","thunderbolt"
"garbodor","toxic"
"garbodor","toxic-spikes"
"garbodor","venoshock"
"garchomp","aerial-ace"
"garchomp","bite"
"garchomp","body-slam"
"garchomp","breaking-swipe"
"garchomp","brick-break"
"garchomp","brutal-swing"
"garchomp","bulldoze"
"garchomp","crunch"
"garchomp","dig"
"garchomp","double-edge"
"garchomp","draco-meteor"
"garchomp","dragon-cheer"
"garchomp","dragon-claw"
"garchomp","dragon-pulse"
"garchomp","dragon-rush"
"garchomp","dragon-tail"
"garchomp","earth-power"
"garchomp","earthquake"
"garchomp","endure"
"garchomp","facade"
"garchomp","fire-blast"
"garchomp","fire-fang"
"garchomp","flamethrower"
"garchomp","fling"
"garchomp","giga-impact"
"garchomp","helping-hand"
"garchomp","hyper-beam"
"garchomp","iron-head"
"garchomp","iron-tail"
"garchomp","liquidation"
"garchomp","mud-shot"
"garchomp","outrage"
"garchomp","poison-jab"
"garchomp","power-gem"
"garchomp","protect"
"garchomp","rain-dance"
"garchomp","rest"
"garchomp","rock-slide"
"garchomp","rock-tomb"
"garchomp","round"
"garchomp","sand-tomb"
"garchomp","sandstorm"
"garchomp","scale-shot"
"garchomp","scary-face"
"garchomp","scorching-sands"
"garchomp","shadow-claw"
"garchomp","sleep-talk"
"garchomp","snore"
"garchomp","spikes"
"garchomp","stealth-rock"
"garchomp","stomping-tantrum"
"garchomp","stone-edge"
"garchomp","substitute"
"garchomp","sunny-day"
"garchomp","surf"
"garchomp","swords-dance"
"garchomp","thrash"
"garchomp","thunder-fang"
"gardevoir","alluring-voice"
"gardevoir","aura-sphere"
"gardevoir","body-slam"
"gardevoir","calm-mind"
"gardevoir","charge-beam"
"gardevoir","charm"
"gardevoir","confuse-ray"
"gardevoir","dazzling-gleam"
"gardevoir","destiny-bond"
"gardevoir","disable"
"gardevoir","double-team"
"gardevoir","draining-kiss"
"gardevoir","encore"
"gardevoir","endure"
"gardevoir","energy-ball"
"gardevoir","expanding-force"
"gardevoir","facade"
"gardevoir","fire-punch"
"gardevoir","fling"
"gardevoir","focus-blast"
"gardevoir","future-sight"
"gardevoir","giga-impact"
"gardevoir","grass-knot"
"gardevoir","gravity"
"gardevoir","guard-swap"
"gardevoir","heal-pulse"
"gardevoir","healing-wish"
"gardevoir","helping-hand"
"gardevoir","hyper-beam"
"gardevoir","hyper-voice"
"gardevoir","hypnosis"
"gardevoir","ice-punch"
"gardevoir","icy-wind"
"gardevoir","imprison"
"gardevoir","knock-off"
"gardevoir","life-dew"
"gardevoir","light-screen"
"gardevoir","magic-room"
"gardevoir","mean-look"
"gardevoir","memento"
"gardevoir","misty-explosion"
"gardevoir","misty-terrain"
"gardevoir","moonblast"
"gardevoir","mystical-fire"
"gardevoir","night-shade"
"gardevoir","pain-split"
"gardevoir","power-swap"
"gardevoir","protect"
"gardevoir","psych-up"
"gardevoir","psychic"
"gardevoir","psychic-noise"
"gardevoir","psychic-terrain"
"gardevoir","psyshock"
"gardevoir","rain-dance"
"gardevoir","reflect"
"gardevoir","rest"
"gardevoir","round"
"gardevoir","safeguard"
"gardevoir","shadow-ball"
"gardevoir","shadow-sneak"
"gardevoir","skill-swap"
"gardevoir","sleep-talk"
"gardevoir","snore"
"gardevoir","stored-power"
"gardevoir","substitute"
"gardevoir","sunny-day"
"gardevoir","swagger"
"gardevoir","taunt"
"gardevoir","thief"
"gardevoir","thunder-punch"
"gardevoir","thunder-wave"
"gardevoir","thunderbolt"
"gardevoir","trick"
"gardevoir","trick-room"
"gardevoir","triple-axel"
"gardevoir","vacuum-wave"
"gardevoir","will-o-wisp"
"gardevoir","wish"
"gardevoir","wonder-room"
"gardevoir","zen-headbutt"
"garganacl","ancient-power"
"garganacl","avalanche"
"garganacl","block"
"garganacl","body-press"
"garganacl","body-slam"
"garganacl","brick-break"
"garganacl","bulldoze"
"garganacl","curse"
"garganacl","dig"
"garganacl","double-edge"
"garganacl","dynamic-punch"
"garganacl","earth-power"
"garganacl","earthquake"
"garganacl","endure"
"garganacl","explosion"
"garganacl","facade"
"garganacl","fire-punch"
"garganacl","fissure"
"garganacl","flash-cannon"
"garganacl","fling"
"garganacl","focus-punch"
"garganacl","giga-impact"
"garganacl","gravity"
"garganacl","hammer-arm"
"garganacl","hard-press"
"garganacl","heavy-slam"
"garganacl","helping-hand"
"garganacl","hyper-beam"
"garganacl","ice-punch"
"garganacl","iron-defense"
"garganacl","iron-head"
"garganacl","meteor-beam"
"garganacl","mud-shot"
"garganacl","power-gem"
"garganacl","protect"
"garganacl","rain-dance"
"garganacl","recover"
"garganacl","rest"
"garganacl","rock-blast"
"garganacl","rock-polish"
"garganacl","rock-slide"
"garganacl","rock-tomb"
"garganacl","salt-cure"
"garganacl","sandstorm"
"garganacl","sleep-talk"
"garganacl","smack-down"
"garganacl","stealth-rock"
"garganacl","stomping-tantrum"
"garganacl","stone-edge"
"garganacl","substitute"
"garganacl","sunny-day"
"garganacl","thunder-punch"
"garganacl","wide-guard"
"garganacl","zen-headbutt"
"gengar","acid-spray"
"gengar","body-slam"
"gengar","brick-break"
"gengar","clear-smog"
"gengar","confuse-ray"
"gengar","corrosive-gas"
"gengar","curse"
"gengar","dark-pulse"
"gengar","dazzling-gleam"
"gengar","destiny-bond"
"gengar","disable"
"gengar","drain-punch"
"gengar","endure"
"gengar","energy-ball"
"gengar","facade"
"gengar","fire-punch"
"gengar","fling"
"gengar","focus-blast"
"gengar","focus-punch"
"gengar","foul-play"
"gengar","giga-drain"
"gengar","giga-impact"
"gengar","gunk-shot"
"gengar","haze"
"gengar","hex"
"gengar","hyper-beam"
"gengar","hypnosis"
"gengar","ice-punch"
"gengar","icy-wind"
"gengar","imprison"
"gengar","knock-off"
"gengar","mean-look"
"gengar","nasty-plot"
"gengar","night-shade"
"gengar","pain-split"
"gengar","payback"
"gengar","perish-song"
"gengar","phantom-force"
"gengar","poison-jab"
"gengar","poltergeist"
"gengar","protect"
"gengar","psych-up"
"gengar","psychic"
"gengar","psychic-noise"
"gengar","rain-dance"
"gengar","reflect-type"
"gengar","rest"
"gengar","round"
"gengar","scary-face"
"gengar","self-destruct"
"gengar","shadow-ball"
"gengar","shadow-claw"
"gengar","shadow-punch"
"gengar","skill-swap"
"gengar","skitter-smack"
"gengar","sleep-talk"
"gengar","sludge-bomb"
"gengar","sludge-wave"
"gengar","snore"
"gengar","spite"
"gengar","substitute"
"gengar","sucker-punch"
"gengar","sunny-day"
"gengar","taunt"
"gengar","thief"
"gengar","thunder"
"gengar","thunder-punch"
"gengar","thunder-wave"
"gengar","thunderbolt"
"gengar","toxic"
"gengar","toxic-spikes"
"gengar","trick"
"gengar","trick-room"
"gengar","venoshock"
"gengar","will-o-wisp"
"gengar","wonder-room"
"glaceon","alluring-voice"
"glaceon","avalanche"
"glaceon","baby-doll-eyes"
"glaceon","baton-pass"
"glaceon","bite"
"glaceon","blizzard"
"glaceon","body-slam"
"glaceon","calm-mind"
"glaceon","charm"
"glaceon","chilling-water"
"glaceon","copycat"
"glaceon","covet"
"glaceon","curse"
"glaceon","detect"
"glaceon","dig"
"glaceon","double-edge"
"glaceon","endure"
"glaceon","facade"
"glaceon","fake-tears"
"glaceon","flail"
"glaceon","focus-energy"
"glaceon","freeze-dry"
"glaceon","frost-breath"
"glaceon","giga-impact"
"glaceon","gravity"
"glaceon","haze"
"glaceon","helping-hand"
"glaceon","hyper-beam"
"glaceon","hyper-voice"
"glaceon","ice-beam"
"glaceon","ice-fang"
"glaceon","ice-shard"
"glaceon","icicle-spear"
"glaceon","icy-wind"
"glaceon","last-resort"
"glaceon","mirror-coat"
"glaceon","mud-shot"
"glaceon","mud-slap"
"glaceon","protect"
"glaceon","quick-attack"
"glaceon","rain-dance"
"glaceon","rest"
"glaceon","roar"
"glaceon","round"
"glaceon","shadow-ball"
"glaceon","sleep-talk"
"glaceon","snore"
"glaceon","snowscape"
"glaceon","stored-power"
"glaceon","substitute"
"glaceon","sunny-day"
"glaceon","tickle"
"glaceon","trailblaze"
"glaceon","triple-axel"
"glaceon","water-pulse"
"glaceon","weather-ball"
"glaceon","wish"
"glaceon","yawn"
"glalie","avalanche"
"glalie","bite"
"glalie","blizzard"
"glalie","block"
"glalie","body-slam"
"glalie","bulldoze"
"glalie","chilling-water"
"glalie","crunch"
"glalie","dark-pulse"
"glalie","disable"
"glalie","double-team"
"glalie","earthquake"
"glalie","endure"
"glalie","explosion"
"glalie","facade"
"glalie","fake-tears"
"glalie","foul-play"
"glalie","freeze-dry"
"glalie","frost-breath"
"glalie","giga-impact"
"glalie","gyro-ball"
"glalie","helping-hand"
"glalie","hex"
"glalie","hyper-beam"
"glalie","ice-beam"
"glalie","ice-fang"
"glalie","ice-shard"
"glalie","ice-spinner"
"glalie","icicle-crash"
"glalie","icicle-spear"
"glalie","icy-wind"
"glalie","iron-head"
"glalie","light-screen"
"glalie","payback"
"glalie","protect"
"glalie","rain-dance"
"glalie","rest"
"glalie","round"
"glalie","scary-face"
"glalie","self-destruct"
"glalie","shadow-ball"
"glalie","sheer-cold"
"glalie","sleep-talk"
"glalie","snore"
"glalie","snowscape"
"glalie","spikes"
"glalie","spite"
"glalie","steel-roller"
"glalie","substitute"
"glalie","switcheroo"
"glalie","taunt"
"glalie","trailblaze"
"glalie","water-pulse"
"glalie","weather-ball"
"glimmora","acid-armor"
"glimmora","acid-spray"
"glimmora","ancient-power"
"glimmora","confuse-ray"
"glimmora","dazzling-gleam"
"glimmora","earth-power"
"glimmora","endure"
"glimmora","energy-ball"
"glimmora","explosion"
"glimmora","facade"
"glimmora","flash-cannon"
"glimmora","giga-impact"
"glimmora","gunk-shot"
"glimmora","hyper-beam"
"glimmora","iron-defense"
"glimmora","light-screen"
"glimmora","memento"
"glimmora","meteor-beam"
"glimmora","mortal-spin"
"glimmora","mud-shot"
"glimmora","power-gem"
"glimmora","protect"
"glimmora","rain-dance"
"glimmora","reflect"
"glimmora","rest"
"glimmora","rock-blast"
"glimmora","rock-polish"
"glimmora","rock-slide"
"glimmora","rock-tomb"
"glimmora","sand-tomb"
"glimmora","sandstorm"
"glimmora","self-destruct"
"glimmora","sleep-talk"
"glimmora","sludge-bomb"
"glimmora","sludge-wave"
"glimmora","smack-down"
"glimmora","solar-beam"
"glimmora","spikes"
"glimmora","spiky-shield"
"glimmora","stealth-rock"
"glimmora","stone-edge"
"glimmora","substitute"
"glimmora","sunny-day"
"glimmora","toxic"
"glimmora","toxic-spikes"
"glimmora","venoshock"
"gliscor","acrobatics"
"gliscor","aerial-ace"
"gliscor","agility"
"gliscor","assurance"
"gliscor","attract"
"gliscor","baton-pass"
"gliscor","breaking-swipe"
"gliscor","brick-break"
"gliscor","brutal-swing"
"gliscor","bulldoze"
"gliscor","counter"
"gliscor","crabhammer"
"gliscor","cross-poison"
"gliscor","crunch"
"gliscor","dark-pulse"
"gliscor","dig"
"gliscor","double-edge"
"gliscor","dual-wingbeat"
"gliscor","earth-power"
"gliscor","earthquake"
"gliscor","endure"
"gliscor","facade"
"gliscor","feint"
"gliscor","fire-fang"
"gliscor","fling"
"gliscor","giga-impact"
"gliscor","gunk-shot"
"gliscor","high-horsepower"
"gliscor","hyper-beam"
"gliscor","ice-fang"
"gliscor","iron-tail"
"gliscor","knock-off"
"gliscor","lunge"
"gliscor","mud-shot"
"gliscor","mud-slap"
"gliscor","night-slash"
"gliscor","payback"
"gliscor","pin-missile"
"gliscor","poison-jab"
"gliscor","power-whip"
"gliscor","protect"
"gliscor","psychic-fangs"
"gliscor","quick-attack"
"gliscor","rain-dance"
"gliscor","rest"
"gliscor","rock-slide"
"gliscor","rock-tomb"
"gliscor","round"
"gliscor","sand-tomb"
"gliscor","sandstorm"
"gliscor","scale-shot"
"gliscor","scary-face"
"gliscor","screech"
"gliscor","skitter-smack"
"gliscor","sleep-talk"
"gliscor","sludge-bomb"
"gliscor","snore"
"gliscor","spikes"
"gliscor","stealth-rock"
"gliscor","steel-wing"
"gliscor","stone-edge"
"gliscor","struggle-bug"
"gliscor","substitute"
"gliscor","sunny-day"
"gliscor","swords-dance"
"gliscor","tailwind"
"gliscor","thief"
"gliscor","throat-chop"
"gliscor","thunder-fang"
"gliscor","toxic"
"gliscor","toxic-spikes"
"gliscor","u-turn"
"gliscor","venoshock"
"gliscor","x-scissor"
"golurk","body-press"
"golurk","body-slam"
"golurk","brick-break"
"golurk","bulldoze"
"golurk","charge-beam"
"golurk","close-combat"
"golurk","confuse-ray"
"golurk","curse"
"golurk","dig"
"golurk","double-edge"
"golurk","drain-punch"
"golurk","dynamic-punch"
"golurk","earth-power"
"golurk","earthquake"
"golurk","endure"
"golurk","facade"
"golurk","fire-punch"
"golurk","flash-cannon"
"golurk","fling"
"golurk","fly"
"golurk","focus-blast"
"golurk","focus-punch"
"golurk","giga-impact"
"golurk","grass-knot"
"golurk","gravity"
"golurk","gyro-ball"
"golurk","hammer-arm"
"golurk","hard-press"
"golurk","headlong-rush"
"golurk","heat-crash"
"golurk","heavy-slam"
"golurk","helping-hand"
"golurk","hex"
"golurk","high-horsepower"
"golurk","hyper-beam"
"golurk","ice-beam"
"golurk","ice-punch"
"golurk","icy-wind"
"golurk","imprison"
"golurk","iron-defense"
"golurk","iron-head"
"golurk","knock-off"
"golurk","low-kick"
"golurk","low-sweep"
"golurk","mega-kick"
"golurk","mud-slap"
"golurk","night-shade"
"golurk","phantom-force"
"golurk","poltergeist"
"golurk","protect"
"golurk","psych-up"
"golurk","psychic"
"golurk","rain-dance"
"golurk","reflect"
"golurk","rest"
"golurk","rock-slide"
"golurk","rock-tomb"
"golurk","round"
"golurk","sandstorm"
"golurk","scorching-sands"
"golurk","self-destruct"
"golurk","shadow-ball"
"golurk","shadow-punch"
"golurk","sleep-talk"
"golurk","smack-down"
"golurk","snore"
"golurk","solar-beam"
"golurk","stealth-rock"
"golurk","stomping-tantrum"
"golurk","stone-edge"
"golurk","substitute"
"golurk","sunny-day"
"golurk","superpower"
"golurk","thief"
"golurk","thunder-punch"
"golurk","thunderbolt"
"golurk","trick"
"golurk","zen-headbutt"
"goodra","acid-armor"
"goodra","acid-spray"
"goodra","aqua-tail"
"goodra","assurance"
"goodra","blizzard"
"goodra","body-press"
"goodra","body-slam"
"goodra","breaking-swipe"
"goodra","brutal-swing"
"goodra","bulldoze"
"goodra","charm"
"goodra","chilling-water"
"goodra","counter"
"goodra","curse"
"goodra","draco-meteor"
"goodra","dragon-cheer"
"goodra","dragon-claw"
"goodra","dragon-pulse"
"goodra","dragon-tail"
"goodra","earthquake"
"goodra","endure"
"goodra","facade"
"goodra","feint"
"goodra","fire-blast"
"goodra","fire-punch"
"goodra","flail"
"goodra","flamethrower"
"goodra","focus-blast"
"goodra","focus-punch"
"goodra","giga-drain"
"goodra","giga-impact"
"goodra","hydro-pump"
"goodra","hyper-beam"
"goodra","ice-beam"
"goodra","iron-tail"
"goodra","knock-off"
"goodra","life-dew"
"goodra","mega-kick"
"goodra","mud-shot"
"goodra","muddy-water"
"goodra","outrage"
"goodra","power-whip"
"goodra","protect"
"goodra","rain-dance"
"goodra","rest"
"goodra","rock-slide"
"goodra","round"
"goodra","scald"
"goodra","skitter-smack"
"goodra","sleep-talk"
"goodra","sludge-bomb"
"goodra","sludge-wave"
"goodra","snore"
"goodra","stomping-tantrum"
"goodra","substitute"
"goodra","sunny-day"
"goodra","superpower"
"goodra","surf"
"goodra","tearful-look"
"goodra","thunder"
"goodra","thunder-punch"
"goodra","thunderbolt"
"goodra","toxic"
"goodra","water-pulse"
"goodra","weather-ball"
"goodra-hisui","acid-spray"
"goodra-hisui","ancient-power"
"goodra-hisui","blizzard"
"goodra-hisui","body-press"
"goodra-hisui","body-slam"
"goodra-hisui","breaking-swipe"
"goodra-hisui","bulldoze"
"goodra-hisui","charm"
"goodra-hisui","chilling-water"
"goodra-hisui","counter"
"goodra-hisui","curse"
"goodra-hisui","draco-meteor"
"goodra-hisui","dragon-cheer"
"goodra-hisui","dragon-claw"
"goodra-hisui","dragon-pulse"
"goodra-hisui","dragon-tail"
"goodra-hisui","earthquake"
"goodra-hisui","endure"
"goodra-hisui","facade"
"goodra-hisui","feint"
"goodra-hisui","fire-blast"
"goodra-hisui","fire-punch"
"goodra-hisui","flail"
"goodra-hisui","flamethrower"
"goodra-hisui","flash-cannon"
"goodra-hisui","giga-impact"
"goodra-hisui","gyro-ball"
"goodra-hisui","heavy-slam"
"goodra-hisui","hydro-pump"
"goodra-hisui","hyper-beam"
"goodra-hisui","ice-beam"
"goodra-hisui","ice-spinner"
"goodra-hisui","iron-head"
"goodra-hisui","iron-tail"
"goodra-hisui","knock-off"
"goodra-hisui","lash-out"
"goodra-hisui","life-dew"
"goodra-hisui","mud-shot"
"goodra-hisui","muddy-water"
"goodra-hisui","outrage"
"goodra-hisui","protect"
"goodra-hisui","rain-dance"
"goodra-hisui","rest"
"goodra-hisui","rock-slide"
"goodra-hisui","rock-tomb"
"goodra-hisui","sandstorm"
"goodra-hisui","scary-face"
"goodra-hisui","shelter"
"goodra-hisui","skitter-smack"
"goodra-hisui","sleep-talk"
"goodra-hisui","sludge-bomb"
"goodra-hisui","sludge-wave"
"goodra-hisui","steel-beam"
"goodra-hisui","stomping-tantrum"
"goodra-hisui","substitute"
"goodra-hisui","sunny-day"
"goodra-hisui","surf"
"goodra-hisui","tearful-look"
"goodra-hisui","thunder"
"goodra-hisui","thunder-punch"
"goodra-hisui","thunderbolt"
"goodra-hisui","water-pulse"
"goodra-hisui","weather-ball"
"gourgeist","ally-switch"
"gourgeist","attract"
"gourgeist","brutal-swing"
"gourgeist","bullet-seed"
"gourgeist","confuse-ray"
"gourgeist","curse"
"gourgeist","dark-pulse"
"gourgeist","destiny-bond"
"gourgeist","disable"
"gourgeist","endure"
"gourgeist","energy-ball"
"gourgeist","explosion"
"gourgeist","facade"
"gourgeist","fire-blast"
"gourgeist","flamethrower"
"gourgeist","focus-blast"
"gourgeist","foul-play"
"gourgeist","giga-drain"
"gourgeist","giga-impact"
"gourgeist","grass-knot"
"gourgeist","grassy-glide"
"gourgeist","gyro-ball"
"gourgeist","hex"
"gourgeist","hyper-beam"
"gourgeist","hypnosis"
"gourgeist","imprison"
"gourgeist","leech-seed"
"gourgeist","light-screen"
"gourgeist","moonblast"
"gourgeist","mystical-fire"
"gourgeist","nasty-plot"
"gourgeist","pain-split"
"gourgeist","phantom-force"
"gourgeist","poltergeist"
"gourgeist","power-whip"
"gourgeist","protect"
"gourgeist","psychic"
"gourgeist","rest"
"gourgeist","rock-slide"
"gourgeist","round"
"gourgeist","safeguard"
"gourgeist","scary-face"
"gourgeist","seed-bomb"
"gourgeist","self-destruct"
"gourgeist","shadow-ball"
"gourgeist","shadow-sneak"
"gourgeist","skill-swap"
"gourgeist","skitter-smack"
"gourgeist","sleep-talk"
"gourgeist","sludge-bomb"
"gourgeist","snore"
"gourgeist","solar-beam"
"gourgeist","substitute"
"gourgeist","sunny-day"
"gourgeist","thief"
"gourgeist","trick"
"gourgeist","trick-or-treat"
"gourgeist","trick-room"
"gourgeist","will-o-wisp"
"gourgeist","worry-seed"
"greninja","acrobatics"
"greninja","aerial-ace"
"greninja","blizzard"
"greninja","bounce"
"greninja","brick-break"
"greninja","brutal-swing"
"greninja","chilling-water"
"greninja","counter"
"greninja","dark-pulse"
"greninja","dig"
"greninja","dive"
"greninja","double-team"
"greninja","endure"
"greninja","extrasensory"
"greninja","facade"
"greninja","fling"
"greninja","flip-turn"
"greninja","giga-impact"
"greninja","grass-knot"
"greninja","gunk-shot"
"greninja","haze"
"greninja","helping-hand"
"greninja","hydro-cannon"
"greninja","hydro-pump"
"greninja","hyper-beam"
"greninja","ice-beam"
"greninja","ice-punch"
"greninja","icy-wind"
"greninja","liquidation"
"greninja","low-kick"
"greninja","low-sweep"
"greninja","mud-shot"
"greninja","mud-slap"
"greninja","night-slash"
"greninja","protect"
"greninja","quick-attack"
"greninja","rain-dance"
"greninja","rest"
"greninja","rock-slide"
"greninja","rock-tomb"
"greninja","role-play"
"greninja","round"
"greninja","shadow-sneak"
"greninja","skitter-smack"
"greninja","sleep-talk"
"greninja","sludge-wave"
"greninja","smack-down"
"greninja","snore"
"greninja","snowscape"
"greninja","spikes"
"greninja","substitute"
"greninja","surf"
"greninja","switcheroo"
"greninja","swords-dance"
"greninja","taunt"
"greninja","thief"
"greninja","toxic-spikes"
"greninja","trailblaze"
"greninja","u-turn"
"greninja","upper-hand"
"greninja","water-pulse"
"greninja","water-shuriken"
"greninja","waterfall"
"greninja","weather-ball"
"gyarados","aqua-tail"
"gyarados","avalanche"
"gyarados","bite"
"gyarados","blizzard"
"gyarados","body-slam"
"gyarados","bounce"
"gyarados","brutal-swing"
"gyarados","bulldoze"
"gyarados","chilling-water"
"gyarados","crunch"
"gyarados","dark-pulse"
"gyarados","dive"
"gyarados","double-edge"
"gyarados","dragon-cheer"
"gyarados","dragon-dance"
"gyarados","dragon-pulse"
"gyarados","dragon-rush"
"gyarados","dragon-tail"
"gyarados","earthquake"
"gyarados","endeavor"
"gyarados","endure"
"gyarados","facade"
"gyarados","fire-blast"
"gyarados","flail"
"gyarados","flamethrower"
"gyarados","giga-impact"
"gyarados","helping-hand"
"gyarados","hurricane"
"gyarados","hydro-pump"
"gyarados","hyper-beam"
"gyarados","ice-beam"
"gyarados","ice-fang"
"gyarados","icy-wind"
"gyarados","iron-head"
"gyarados","iron-tail"
"gyarados","lash-out"
"gyarados","muddy-water"
"gyarados","outrage"
"gyarados","payback"
"gyarados","power-whip"
"gyarados","protect"
"gyarados","rain-dance"
"gyarados","rest"
"gyarados","roar"
"gyarados","round"
"gyarados","sandstorm"
"gyarados","scald"
"gyarados","scale-shot"
"gyarados","scary-face"
"gyarados","sleep-talk"
"gyarados","snore"
"gyarados","spite"
"gyarados","stone-edge"
"gyarados","substitute"
"gyarados","sunny-day"
"gyarados","surf"
"gyarados","swagger"
"gyarados","taunt"
"gyarados","temper-flare"
"gyarados","thrash"
"gyarados","thunder"
"gyarados","thunder-wave"
"gyarados","thunderbolt"
"gyarados","uproar"
"gyarados","water-pulse"
"gyarados","waterfall"
"gyarados","whirlpool"
"hatterene","after-you"
"hatterene","agility"
"hatterene","aromatic-mist"
"hatterene","baton-pass"
"hatterene","brutal-swing"
"hatterene","calm-mind"
"hatterene","charm"
"hatterene","dark-pulse"
"hatterene","dazzling-gleam"
"hatterene","draining-kiss"
"hatterene","endure"
"hatterene","expanding-force"
"hatterene","facade"
"hatterene","future-sight"
"hatterene","giga-drain"
"hatterene","giga-impact"
"hatterene","gravity"
"hatterene","guard-swap"
"hatterene","heal-pulse"
"hatterene","healing-wish"
"hatterene","helping-hand"
"hatterene","hyper-beam"
"hatterene","imprison"
"hatterene","life-dew"
"hatterene","light-screen"
"hatterene","magic-powder"
"hatterene","magic-room"
"hatterene","misty-explosion"
"hatterene","misty-terrain"
"hatterene","mystical-fire"
"hatterene","nuzzle"
"hatterene","pain-split"
"hatterene","play-rough"
"hatterene","power-swap"
"hatterene","power-whip"
"hatterene","protect"
"hatterene","psych-up"
"hatterene","psychic"
"hatterene","psychic-noise"
"hatterene","psychic-terrain"
"hatterene","psycho-cut"
"hatterene","psyshock"
"hatterene","quash"
"hatterene","reflect"
"hatterene","rest"
"hatterene","round"
"hatterene","safeguard"
"hatterene","shadow-ball"
"hatterene","shadow-claw"
"hatterene","skill-swap"
"hatterene","sleep-talk"
"hatterene","snore"
"hatterene","stored-power"
"hatterene","substitute"
"hatterene","swords-dance"
"hatterene","thunder-wave"
"hatterene","trick"
"hatterene","trick-room"
"hatterene","wonder-room"
"hawlucha","acrobatics"
"hawlucha","aerial-ace"
"hawlucha","agility"
"hawlucha","air-slash"
"hawlucha","assurance"
"hawlucha","baton-pass"
"hawlucha","body-press"
"hawlucha","body-slam"
"hawlucha","bounce"
"hawlucha","brave-bird"
"hawlucha","brick-break"
"hawlucha","bulk-up"
"hawlucha","close-combat"
"hawlucha","coaching"
"hawlucha","cross-chop"
"hawlucha","defog"
"hawlucha","detect"
"hawlucha","dig"
"hawlucha","drain-punch"
"hawlucha","dual-wingbeat"
"hawlucha","encore"
"hawlucha","endeavor"
"hawlucha","endure"
"hawlucha","entrainment"
"hawlucha","facade"
"hawlucha","feather-dance"
"hawlucha","feint"
"hawlucha","fire-punch"
"hawlucha","fling"
"hawlucha","fly"
"hawlucha","flying-press"
"hawlucha","focus-blast"
"hawlucha","focus-punch"
"hawlucha","giga-impact"
"hawlucha","grass-knot"
"hawlucha","helping-hand"
"hawlucha","high-jump-kick"
"hawlucha","hyper-beam"
"hawlucha","iron-head"
"hawlucha","low-kick"
"hawlucha","low-sweep"
"hawlucha","lunge"
"hawlucha","mean-look"
"hawlucha","mega-kick"
"hawlucha","payback"
"hawlucha","poison-jab"
"hawlucha","protect"
"hawlucha","quick-guard"
"hawlucha","rain-dance"
"hawlucha","rest"
"hawlucha","reversal"
"hawlucha","rock-slide"
"hawlucha","rock-tomb"
"hawlucha","roost"
"hawlucha","round"
"hawlucha","sky-attack"
"hawlucha","sleep-talk"
"hawlucha","snore"
"hawlucha","steel-wing"
"hawlucha","stone-edge"
"hawlucha","substitute"
"hawlucha","sunny-day"
"hawlucha","superpower"
"hawlucha","swords-dance"
"hawlucha","taunt"
"hawlucha","thief"
"hawlucha","throat-chop"
"hawlucha","thunder-punch"
"hawlucha","trailblaze"
"hawlucha","u-turn"
"hawlucha","upper-hand"
"hawlucha","uproar"
"hawlucha","x-scissor"
"hawlucha","zen-headbutt"
"heliolisk","agility"
"heliolisk","ally-switch"
"heliolisk","attract"
"heliolisk","breaking-swipe"
"heliolisk","brutal-swing"
"heliolisk","bulldoze"
"heliolisk","charge"
"heliolisk","charge-beam"
"heliolisk","dark-pulse"
"heliolisk","dig"
"heliolisk","discharge"
"heliolisk","dragon-pulse"
"heliolisk","dragon-rush"
"heliolisk","dragon-tail"
"heliolisk","eerie-impulse"
"heliolisk","electric-terrain"
"heliolisk","electrify"
"heliolisk","electro-ball"
"heliolisk","electroweb"
"heliolisk","endure"
"heliolisk","facade"
"heliolisk","fire-punch"
"heliolisk","focus-blast"
"heliolisk","giga-impact"
"heliolisk","glare"
"heliolisk","grass-knot"
"heliolisk","hyper-beam"
"heliolisk","hyper-voice"
"heliolisk","iron-tail"
"heliolisk","light-screen"
"heliolisk","low-kick"
"heliolisk","low-sweep"
"heliolisk","mega-kick"
"heliolisk","morning-sun"
"heliolisk","mud-slap"
"heliolisk","parabolic-charge"
"heliolisk","pounce"
"heliolisk","protect"
"heliolisk","quick-attack"
"heliolisk","rain-dance"
"heliolisk","rest"
"heliolisk","rising-voltage"
"heliolisk","rock-slide"
"heliolisk","rock-tomb"
"heliolisk","round"
"heliolisk","sandstorm"
"heliolisk","scale-shot"
"heliolisk","shed-tail"
"heliolisk","sleep-talk"
"heliolisk","snore"
"heliolisk","solar-beam"
"heliolisk","substitute"
"heliolisk","sunny-day"
"heliolisk","surf"
"heliolisk","thunder"
"heliolisk","thunder-punch"
"heliolisk","thunder-wave"
"heliolisk","thunderbolt"
"heliolisk","trailblaze"
"heliolisk","u-turn"
"heliolisk","volt-switch"
"heliolisk","weather-ball"
"heliolisk","wild-charge"
"heracross","aerial-ace"
"heracross","assurance"
"heracross","body-slam"
"heracross","brick-break"
"heracross","brutal-swing"
"heracross","bug-bite"
"heracross","bug-buzz"
"heracross","bulk-up"
"heracross","bulldoze"
"heracross","bullet-seed"
"heracross","circle-throw"
"heracross","close-combat"
"heracross","coaching"
"heracross","counter"
"heracross","curse"
"heracross","detect"
"heracross","dig"
"heracross","double-edge"
"heracross","earthquake"
"heracross","endeavor"
"heracross","endure"
"heracross","facade"
"heracross","feint"
"heracross","flail"
"heracross","fling"
"heracross","focus-blast"
"heracross","focus-punch"
"heracross","giga-impact"
"heracross","helping-hand"
"heracross","high-horsepower"
"heracross","hyper-beam"
"heracross","iron-defense"
"heracross","knock-off"
"heracross","low-kick"
"heracross","lunge"
"heracross","megahorn"
"heracross","night-slash"
"heracross","pin-missile"
"heracross","pounce"
"heracross","protect"
"heracross","rain-dance"
"heracross","rest"
"heracross","reversal"
"heracross","rock-blast"
"heracross","rock-slide"
"heracross","rock-tomb"
"heracross","round"
"heracross","seismic-toss"
"heracross","shadow-claw"
"heracross","skitter-smack"
"heracross","sleep-talk"
"heracross","smack-down"
"heracross","smart-strike"
"heracross","snore"
"heracross","spikes"
"heracross","stone-edge"
"heracross","struggle-bug"
"heracross","substitute"
"heracross","sunny-day"
"heracross","swords-dance"
"heracross","thief"
"heracross","thrash"
"heracross","throat-chop"
"heracross","trailblaze"
"heracross","upper-hand"
"heracross","vacuum-wave"
"hippowdon","amnesia"
"hippowdon","bite"
"hippowdon","body-press"
"hippowdon","body-slam"
"hippowdon","bulldoze"
"hippowdon","crunch"
"hippowdon","curse"
"hippowdon","dig"
"hippowdon","double-edge"
"hippowdon","earth-power"
"hippowdon","earthquake"
"hippowdon","endure"
"hippowdon","facade"
"hippowdon","fire-fang"
"hippowdon","fissure"
"hippowdon","giga-impact"
"hippowdon","hard-press"
"hippowdon","heavy-slam"
"hippowdon","helping-hand"
"hippowdon","high-horsepower"
"hippowdon","hyper-beam"
"hippowdon","hyper-voice"
"hippowdon","ice-fang"
"hippowdon","iron-head"
"hippowdon","mud-shot"
"hippowdon","mud-slap"
"hippowdon","muddy-water"
"hippowdon","protect"
"hippowdon","rest"
"hippowdon","roar"
"hippowdon","rock-slide"
"hippowdon","rock-tomb"
"hippowdon","round"
"hippowdon","sand-tomb"
"hippowdon","sandstorm"
"hippowdon","scorching-sands"
"hippowdon","slack-off"
"hippowdon","sleep-talk"
"hippowdon","snore"
"hippowdon","spit-up"
"hippowdon","stealth-rock"
"hippowdon","stockpile"
"hippowdon","stomping-tantrum"
"hippowdon","stone-edge"
"hippowdon","substitute"
"hippowdon","sunny-day"
"hippowdon","superpower"
"hippowdon","swallow"
"hippowdon","thunder-fang"
"hippowdon","whirlwind"
"hippowdon","yawn"
"houndoom","beat-up"
"houndoom","bite"
"houndoom","body-slam"
"houndoom","burning-jealousy"
"houndoom","comeuppance"
"houndoom","counter"
"houndoom","crunch"
"houndoom","dark-pulse"
"houndoom","destiny-bond"
"houndoom","double-edge"
"houndoom","endeavor"
"houndoom","endure"
"houndoom","facade"
"houndoom","feint"
"houndoom","fire-blast"
"houndoom","fire-fang"
"houndoom","fire-spin"
"houndoom","flame-charge"
"houndoom","flamethrower"
"houndoom","flare-blitz"
"houndoom","foul-play"
"houndoom","giga-impact"
"houndoom","heat-wave"
"houndoom","helping-hand"
"houndoom","howl"
"houndoom","hyper-beam"
"houndoom","hyper-voice"
"houndoom","inferno"
"houndoom","iron-tail"
"houndoom","lash-out"
"houndoom","mud-shot"
"houndoom","mud-slap"
"houndoom","nasty-plot"
"houndoom","overheat"
"houndoom","pain-split"
"houndoom","payback"
"houndoom","protect"
"houndoom","psychic-fangs"
"houndoom","rain-dance"
"houndoom","rest"
"houndoom","reversal"
"houndoom","roar"
"houndoom","round"
"houndoom","scary-face"
"houndoom","scorching-sands"
"houndoom","shadow-ball"
"houndoom","sleep-talk"
"houndoom","sludge-bomb"
"houndoom","snarl"
"houndoom","snore"
"houndoom","solar-beam"
"houndoom","spite"
"houndoom","substitute"
"houndoom","sucker-punch"
"houndoom","sunny-day"
"houndoom","super-fang"
"houndoom","swagger"
"houndoom","taunt"
"houndoom","temper-flare"
"houndoom","thief"
"houndoom","throat-chop"
"houndoom","thunder-fang"
"houndoom","torment"
"houndoom","toxic"
"houndoom","trailblaze"
"houndoom","uproar"
"houndoom","will-o-wisp"
"hydrapple","body-press"
"hydrapple","body-slam"
"hydrapple","breaking-swipe"
"hydrapple","bug-bite"
"hydrapple","bullet-seed"
"hydrapple","curse"
"hydrapple","double-edge"
"hydrapple","double-hit"
"hydrapple","draco-meteor"
"hydrapple","dragon-cheer"
"hydrapple","dragon-pulse"
"hydrapple","dragon-tail"
"hydrapple","earth-power"
"hydrapple","earthquake"
"hydrapple","endure"
"hydrapple","energy-ball"
"hydrapple","facade"
"hydrapple","fickle-beam"
"hydrapple","giga-drain"
"hydrapple","giga-impact"
"hydrapple","grass-knot"
"hydrapple","grassy-glide"
"hydrapple","grassy-terrain"
"hydrapple","growth"
"hydrapple","gyro-ball"
"hydrapple","heavy-slam"
"hydrapple","hydro-pump"
"hydrapple","hyper-beam"
"hydrapple","infestation"
"hydrapple","leaf-storm"
"hydrapple","nasty-plot"
"hydrapple","outrage"
"hydrapple","pollen-puff"
"hydrapple","pounce"
"hydrapple","power-whip"
"hydrapple","protect"
"hydrapple","rain-dance"
"hydrapple","recover"
"hydrapple","recycle"
"hydrapple","reflect"
"hydrapple","rest"
"hydrapple","seed-bomb"
"hydrapple","sleep-talk"
"hydrapple","solar-beam"
"hydrapple","substitute"
"hydrapple","sucker-punch"
"hydrapple","sunny-day"
"hydrapple","sweet-scent"
"hydrapple","syrup-bomb"
"hydrapple","uproar"
"hydrapple","yawn"
"hydreigon","acrobatics"
"hydreigon","assurance"
"hydreigon","beat-up"
"hydreigon","belch"
"hydreigon","bite"
"hydreigon","body-slam"
"hydreigon","breaking-swipe"
"hydreigon","brutal-swing"
"hydreigon","bulldoze"
"hydreigon","crunch"
"hydreigon","dark-pulse"
"hydreigon","double-hit"
"hydreigon","draco-meteor"
"hydreigon","dragon-cheer"
"hydreigon","dragon-dance"
"hydreigon","dragon-pulse"
"hydreigon","dragon-rush"
"hydreigon","dragon-tail"
"hydreigon","dual-wingbeat"
"hydreigon","earth-power"
"hydreigon","earthquake"
"hydreigon","endure"
"hydreigon","facade"
"hydreigon","fire-blast"
"hydreigon","fire-fang"
"hydreigon","fire-spin"
"hydreigon","flamethrower"
"hydreigon","flash-cannon"
"hydreigon","fly"
"hydreigon","focus-blast"
"hydreigon","focus-energy"
"hydreigon","giga-impact"
"hydreigon","head-smash"
"hydreigon","heat-wave"
"hydreigon","helping-hand"
"hydreigon","hydro-pump"
"hydreigon","hyper-beam"
"hydreigon","hyper-voice"
"hydreigon","ice-fang"
"hydreigon","iron-tail"
"hydreigon","lash-out"
"hydreigon","nasty-plot"
"hydreigon","outrage"
"hydreigon","payback"
"hydreigon","protect"
"hydreigon","psych-up"
"hydreigon","rain-dance"
"hydreigon","reflect"
"hydreigon","rest"
"hydreigon","roar"
"hydreigon","rock-slide"
"hydreigon","rock-tomb"
"hydreigon","round"
"hydreigon","scale-shot"
"hydreigon","scary-face"
"hydreigon","screech"
"hydreigon","sleep-talk"
"hydreigon","snarl"
"hydreigon","snore"
"hydreigon","spite"
"hydreigon","stealth-rock"
"hydreigon","steel-wing"
"hydreigon","stomping-tantrum"
"hydreigon","stone-edge"
"hydreigon","substitute"
"hydreigon","sunny-day"
"hydreigon","superpower"
"hydreigon","surf"
"hydreigon","tailwind"
"hydreigon","taunt"
"hydreigon","thief"
"hydreigon","throat-chop"
"hydreigon","thunder-fang"
"hydreigon","thunder-wave"
"hydreigon","tri-attack"
"hydreigon","u-turn"
"hydreigon","uproar"
"hydreigon","zen-headbutt"
"incineroar","acrobatics"
"incineroar","aerial-ace"
"incineroar","assurance"
"incineroar","attract"
"incineroar","baton-pass"
"incineroar","bite"
"incineroar","blast-burn"
"incineroar","blaze-kick"
"incineroar","body-slam"
"incineroar","brick-break"
"incineroar","brutal-swing"
"incineroar","bulk-up"
"incineroar","bulldoze"
"incineroar","burning-jealousy"
"incineroar","close-combat"
"incineroar","cross-chop"
"incineroar","crunch"
"incineroar","dark-pulse"
"incineroar","darkest-lariat"
"incineroar","double-edge"
"incineroar","drain-punch"
"incineroar","earthquake"
"incineroar","endeavor"
"incineroar","endure"
"incineroar","facade"
"incineroar","fake-out"
"incineroar","fire-blast"
"incineroar","fire-fang"
"incineroar","fire-punch"
"incineroar","fire-spin"
"incineroar","flame-charge"
"incineroar","flamethrower"
"incineroar","flare-blitz"
"incineroar","fling"
"incineroar","focus-blast"
"incineroar","focus-punch"
"incineroar","giga-impact"
"incineroar","heat-crash"
"incineroar","heat-wave"
"incineroar","helping-hand"
"incineroar","hyper-beam"
"incineroar","iron-head"
"incineroar","lash-out"
"incineroar","leech-life"
"incineroar","low-kick"
"incineroar","low-sweep"
"incineroar","mega-kick"
"incineroar","nasty-plot"
"incineroar","outrage"
"incineroar","overheat"
"incineroar","parting-shot"
"incineroar","power-trip"
"incineroar","protect"
"incineroar","rest"
"incineroar","reversal"
"incineroar","roar"
"incineroar","round"
"incineroar","scary-face"
"incineroar","scorching-sands"
"incineroar","shadow-claw"
"incineroar","sleep-talk"
"incineroar","snarl"
"incineroar","snore"
"incineroar","stomping-tantrum"
"incineroar","substitute"
"incineroar","sunny-day"
"incineroar","superpower"
"incineroar","swagger"
"incineroar","swords-dance"
"incineroar","taunt"
"incineroar","temper-flare"
"incineroar","thief"
"incineroar","thrash"
"incineroar","throat-chop"
"incineroar","thunder-punch"
"incineroar","trailblaze"
"incineroar","will-o-wisp"
"infernape","acrobatics"
"infernape","aerial-ace"
"infernape","agility"
"infernape","attract"
"infernape","aura-sphere"
"infernape","blast-burn"
"infernape","blaze-kick"
"infernape","body-slam"
"infernape","brick-break"
"infernape","bulk-up"
"infernape","bulldoze"
"infernape","burning-jealousy"
"infernape","calm-mind"
"infernape","close-combat"
"infernape","coaching"
"infernape","counter"
"infernape","dig"
"infernape","double-edge"
"infernape","drain-punch"
"infernape","earthquake"
"infernape","encore"
"infernape","endeavor"
"infernape","endure"
"infernape","facade"
"infernape","fake-out"
"infernape","fake-tears"
"infernape","feint"
"infernape","fire-blast"
"infernape","fire-punch"
"infernape","fire-spin"
"infernape","flame-charge"
"infernape","flamethrower"
"infernape","flare-blitz"
"infernape","fling"
"infernape","focus-blast"
"infernape","focus-energy"
"infernape","focus-punch"
"infernape","giga-impact"
"infernape","grass-knot"
"infernape","gunk-shot"
"infernape","heat-wave"
"infernape","helping-hand"
"infernape","hyper-beam"
"infernape","iron-tail"
"infernape","knock-off"
"infernape","lash-out"
"infernape","low-kick"
"infernape","low-sweep"
"infernape","mach-punch"
"infernape","mud-slap"
"infernape","nasty-plot"
"infernape","overheat"
"infernape","poison-jab"
"infernape","protect"
"infernape","psych-up"
"infernape","raging-fury"
"infernape","rest"
"infernape","reversal"
"infernape","roar"
"infernape","rock-slide"
"infernape","rock-tomb"
"infernape","round"
"infernape","scary-face"
"infernape","scorching-sands"
"infernape","shadow-claw"
"infernape","slack-off"
"infernape","sleep-talk"
"infernape","smack-down"
"infernape","snore"
"infernape","solar-beam"
"infernape","stealth-rock"
"infernape","stone-edge"
"infernape","substitute"
"infernape","sunny-day"
"infernape","switcheroo"
"infernape","swords-dance"
"infernape","taunt"
"infernape","temper-flare"
"infernape","thief"
"infernape","throat-chop"
"infernape","thunder-punch"
"infernape","torment"
"infernape","u-turn"
"infernape","upper-hand"
"infernape","uproar"
"infernape","vacuum-wave"
"infernape","will-o-wisp"
"infernape","zen-headbutt"
"jolteon","agility"
"jolteon","alluring-voice"
"jolteon","baby-doll-eyes"
"jolteon","baton-pass"
"jolteon","bite"
"jolteon","body-slam"
"jolteon","calm-mind"
"jolteon","charge"
"jolteon","charge-beam"
"jolteon","charm"
"jolteon","copycat"
"jolteon","covet"
"jolteon","curse"
"jolteon","detect"
"jolteon","dig"
"jolteon","discharge"
"jolteon","double-edge"
"jolteon","eerie-impulse"
"jolteon","electric-terrain"
"jolteon","electro-ball"
"jolteon","electroweb"
"jolteon","endure"
"jolteon","facade"
"jolteon","fake-tears"
"jolteon","flail"
"jolteon","focus-energy"
"jolteon","giga-impact"
"jolteon","helping-hand"
"jolteon","hyper-beam"
"jolteon","hyper-voice"
"jolteon","last-resort"
"jolteon","light-screen"
"jolteon","metal-sound"
"jolteon","mud-slap"
"jolteon","pin-missile"
"jolteon","protect"
"jolteon","quick-attack"
"jolteon","rain-dance"
"jolteon","rest"
"jolteon","rising-voltage"
"jolteon","roar"
"jolteon","round"
"jolteon","shadow-ball"
"jolteon","sleep-talk"
"jolteon","snore"
"jolteon","stored-power"
"jolteon","substitute"
"jolteon","sunny-day"
"jolteon","thunder"
"jolteon","thunder-fang"
"jolteon","thunder-wave"
"jolteon","thunderbolt"
"jolteon","tickle"
"jolteon","trailblaze"
"jolteon","volt-switch"
"jolteon","weather-ball"
"jolteon","wild-charge"
"jolteon","wish"
"jolteon","yawn"
"kangaskhan","assurance"
"kangaskhan","attract"
"kangaskhan","avalanche"
"kangaskhan","beat-up"
"kangaskhan","bite"
"kangaskhan","blizzard"
"kangaskhan","body-slam"
"kangaskhan","brick-break"
"kangaskhan","bulldoze"
"kangaskhan","circle-throw"
"kangaskhan","counter"
"kangaskhan","crunch"
"kangaskhan","dig"
"kangaskhan","disable"
"kangaskhan","double-edge"
"kangaskhan","double-hit"
"kangaskhan","drain-punch"
"kangaskhan","dynamic-punch"
"kangaskhan","earthquake"
"kangaskhan","endeavor"
"kangaskhan","endure"
"kangaskhan","facade"
"kangaskhan","fake-out"
"kangaskhan","fire-blast"
"kangaskhan","fire-punch"
"kangaskhan","flamethrower"
"kangaskhan","fling"
"kangaskhan","focus-blast"
"kangaskhan","focus-energy"
"kangaskhan","giga-impact"
"kangaskhan","hammer-arm"
"kangaskhan","helping-hand"
"kangaskhan","hydro-pump"
"kangaskhan","hyper-beam"
"kangaskhan","ice-beam"
"kangaskhan","ice-punch"
"kangaskhan","icy-wind"
"kangaskhan","iron-tail"
"kangaskhan","last-resort"
"kangaskhan","low-kick"
"kangaskhan","mega-kick"
"kangaskhan","outrage"
"kangaskhan","protect"
"kangaskhan","rain-dance"
"kangaskhan","rest"
"kangaskhan","reversal"
"kangaskhan","rock-slide"
"kangaskhan","rock-tomb"
"kangaskhan","round"
"kangaskhan","safeguard"
"kangaskhan","sandstorm"
"kangaskhan","shadow-ball"
"kangaskhan","shadow-claw"
"kangaskhan","sleep-talk"
"kangaskhan","snore"
"kangaskhan","solar-beam"
"kangaskhan","substitute"
"kangaskhan","sucker-punch"
"kangaskhan","sunny-day"
"kangaskhan","surf"
"kangaskhan","terrain-pulse"
"kangaskhan","thief"
"kangaskhan","thunder"
"kangaskhan","thunder-punch"
"kangaskhan","thunderbolt"
"kangaskhan","uproar"
"kangaskhan","whirlpool"
"kingambit","aerial-ace"
"kingambit","air-slash"
"kingambit","assurance"
"kingambit","brick-break"
"kingambit","dark-pulse"
"kingambit","dig"
"kingambit","endure"
"kingambit","facade"
"kingambit","flash-cannon"
"kingambit","fling"
"kingambit","focus-blast"
"kingambit","foul-play"
"kingambit","giga-impact"
"kingambit","grass-knot"
"kingambit","guillotine"
"kingambit","hyper-beam"
"kingambit","iron-defense"
"kingambit","iron-head"
"kingambit","kowtow-cleave"
"kingambit","lash-out"
"kingambit","low-kick"
"kingambit","low-sweep"
"kingambit","mean-look"
"kingambit","metal-burst"
"kingambit","metal-sound"
"kingambit","night-slash"
"kingambit","poison-jab"
"kingambit","protect"
"kingambit","quick-guard"
"kingambit","rain-dance"
"kingambit","rest"
"kingambit","reversal"
"kingambit","rock-tomb"
"kingambit","sandstorm"
"kingambit","scary-face"
"kingambit","shadow-claw"
"kingambit","sleep-talk"
"kingambit","snarl"
"kingambit","spite"
"kingambit","stealth-rock"
"kingambit","steel-beam"
"kingambit","stone-edge"
"kingambit","substitute"
"kingambit","sucker-punch"
"kingambit","swords-dance"
"kingambit","taunt"
"kingambit","thief"
"kingambit","throat-chop"
"kingambit","thunder-wave"
"kingambit","torment"
"kingambit","x-scissor"
"kingambit","zen-headbutt"
"kleavor","acrobatics"
"kleavor","aerial-ace"
"kleavor","agility"
"kleavor","air-cutter"
"kleavor","air-slash"
"kleavor","ancient-power"
"kleavor","baton-pass"
"kleavor","brick-break"
"kleavor","brutal-swing"
"kleavor","bug-bite"
"kleavor","bug-buzz"
"kleavor","close-combat"
"kleavor","counter"
"kleavor","defog"
"kleavor","double-edge"
"kleavor","double-hit"
"kleavor","double-team"
"kleavor","dual-wingbeat"
"kleavor","endure"
"kleavor","facade"
"kleavor","feint"
"kleavor","focus-energy"
"kleavor","giga-impact"
"kleavor","helping-hand"
"kleavor","hyper-beam"
"kleavor","light-screen"
"kleavor","lunge"
"kleavor","night-slash"
"kleavor","pounce"
"kleavor","protect"
"kleavor","quick-attack"
"kleavor","quick-guard"
"kleavor","rain-dance"
"kleavor","rest"
"kleavor","reversal"
"kleavor","rock-blast"
"kleavor","rock-slide"
"kleavor","rock-tomb"
"kleavor","sandstorm"
"kleavor","scary-face"
"kleavor","skitter-smack"
"kleavor","sleep-talk"
"kleavor","smack-down"
"kleavor","stealth-rock"
"kleavor","stone-axe"
"kleavor","stone-edge"
"kleavor","struggle-bug"
"kleavor","substitute"
"kleavor","sunny-day"
"kleavor","swords-dance"
"kleavor","tailwind"
"kleavor","thief"
"kleavor","trailblaze"
"kleavor","u-turn"
"kleavor","vacuum-wave"
"kleavor","x-scissor"
"klefki","calm-mind"
"klefki","dazzling-gleam"
"klefki","draining-kiss"
"klefki","endure"
"klefki","facade"
"klefki","fairy-lock"
"klefki","flash-cannon"
"klefki","foul-play"
"klefki","future-sight"
"klefki","giga-impact"
"klefki","hyper-beam"
"klefki","imprison"
"klefki","iron-defense"
"klefki","last-resort"
"klefki","light-screen"
"klefki","magic-room"
"klefki","magnet-rise"
"klefki","metal-sound"
"klefki","misty-terrain"
"klefki","play-rough"
"klefki","protect"
"klefki","psych-up"
"klefki","psychic"
"klefki","psyshock"
"klefki","rain-dance"
"klefki","recycle"
"klefki","reflect"
"klefki","rest"
"klefki","round"
"klefki","safeguard"
"klefki","sandstorm"
"klefki","skitter-smack"
"klefki","sleep-talk"
"klefki","snore"
"klefki","spikes"
"klefki","steel-beam"
"klefki","stored-power"
"klefki","substitute"
"klefki","sunny-day"
"klefki","switcheroo"
"klefki","thief"
"klefki","thunder-wave"
"klefki","torment"
"klefki","trick-room"
"kommo-o","aerial-ace"
"kommo-o","attract"
"kommo-o","aura-sphere"
"kommo-o","belly-drum"
"kommo-o","body-press"
"kommo-o","body-slam"
"kommo-o","boomburst"
"kommo-o","breaking-swipe"
"kommo-o","brick-break"
"kommo-o","brutal-swing"
"kommo-o","bulk-up"
"kommo-o","bulldoze"
"kommo-o","clanging-scales"
"kommo-o","clangorous-soul"
"kommo-o","close-combat"
"kommo-o","coaching"
"kommo-o","counter"
"kommo-o","double-edge"
"kommo-o","draco-meteor"
"kommo-o","dragon-cheer"
"kommo-o","dragon-claw"
"kommo-o","dragon-dance"
"kommo-o","dragon-pulse"
"kommo-o","dragon-tail"
"kommo-o","drain-punch"
"kommo-o","earthquake"
"kommo-o","endeavor"
"kommo-o","endure"
"kommo-o","facade"
"kommo-o","fire-punch"
"kommo-o","flamethrower"
"kommo-o","flash-cannon"
"kommo-o","fling"
"kommo-o","focus-blast"
"kommo-o","focus-punch"
"kommo-o","giga-impact"
"kommo-o","helping-hand"
"kommo-o","hyper-beam"
"kommo-o","hyper-voice"
"kommo-o","ice-punch"
"kommo-o","iron-defense"
"kommo-o","iron-head"
"kommo-o","iron-tail"
"kommo-o","low-kick"
"kommo-o","mega-kick"
"kommo-o","metal-sound"
"kommo-o","noble-roar"
"kommo-o","outrage"
"kommo-o","payback"
"kommo-o","poison-jab"
"kommo-o","protect"
"kommo-o","rain-dance"
"kommo-o","rest"
"kommo-o","reversal"
"kommo-o","roar"
"kommo-o","rock-slide"
"kommo-o","rock-tomb"
"kommo-o","round"
"kommo-o","sandstorm"
"kommo-o","scale-shot"
"kommo-o","scary-face"
"kommo-o","screech"
"kommo-o","shadow-claw"
"kommo-o","sleep-talk"
"kommo-o","snore"
"kommo-o","stealth-rock"
"kommo-o","stomping-tantrum"
"kommo-o","substitute"
"kommo-o","sunny-day"
"kommo-o","superpower"
"kommo-o","swords-dance"
"kommo-o","taunt"
"kommo-o","throat-chop"
"kommo-o","thunder-punch"
"kommo-o","upper-hand"
"kommo-o","uproar"
"kommo-o","vacuum-wave"
"kommo-o","x-scissor"
"krookodile","aerial-ace"
"krookodile","aqua-tail"
"krookodile","assurance"
"krookodile","beat-up"
"krookodile","bite"
"krookodile","body-slam"
"krookodile","breaking-swipe"
"krookodile","brick-break"
"krookodile","brutal-swing"
"krookodile","bulk-up"
"krookodile","bulldoze"
"krookodile","close-combat"
"krookodile","counter"
"krookodile","crunch"
"krookodile","curse"
"krookodile","dark-pulse"
"krookodile","dig"
"krookodile","double-edge"
"krookodile","dragon-claw"
"krookodile","dragon-pulse"
"krookodile","dragon-tail"
"krookodile","earth-power"
"krookodile","earthquake"
"krookodile","endeavor"
"krookodile","endure"
"krookodile","facade"
"krookodile","fire-fang"
"krookodile","fissure"
"krookodile","fling"
"krookodile","focus-blast"
"krookodile","focus-energy"
"krookodile","focus-punch"
"krookodile","foul-play"
"krookodile","giga-impact"
"krookodile","grass-knot"
"krookodile","gunk-shot"
"krookodile","helping-hand"
"krookodile","high-horsepower"
"krookodile","hyper-beam"
"krookodile","iron-head"
"krookodile","iron-tail"
"krookodile","knock-off"
"krookodile","lash-out"
"krookodile","low-kick"
"krookodile","low-sweep"
"krookodile","mega-kick"
"krookodile","mud-shot"
"krookodile","mud-slap"
"krookodile","outrage"
"krookodile","payback"
"krookodile","power-trip"
"krookodile","protect"
"krookodile","rest"
"krookodile","roar"
"krookodile","rock-slide"
"krookodile","rock-tomb"
"krookodile","round"
"krookodile","sand-tomb"
"krookodile","sandstorm"
"krookodile","scale-shot"
"krookodile","scary-face"
"krookodile","scorching-sands"
"krookodile","shadow-claw"
"krookodile","skitter-smack"
"krookodile","sleep-talk"
"krookodile","sludge-bomb"
"krookodile","smack-down"
"krookodile","snarl"
"krookodile","snore"
"krookodile","spite"
"krookodile","stealth-rock"
"krookodile","stomping-tantrum"
"krookodile","stone-edge"
"krookodile","substitute"
"krookodile","superpower"
"krookodile","swagger"
"krookodile","taunt"
"krookodile","thief"
"krookodile","thrash"
"krookodile","throat-chop"
"krookodile","thunder-fang"
"krookodile","torment"
"krookodile","uproar"
"leafeon","aerial-ace"
"leafeon","alluring-voice"
"leafeon","baby-doll-eyes"
"leafeon","baton-pass"
"leafeon","bite"
"leafeon","body-slam"
"leafeon","bullet-seed"
"leafeon","calm-mind"
"leafeon","charm"
"leafeon","copycat"
"leafeon","covet"
"leafeon","curse"
"leafeon","detect"
"leafeon","dig"
"leafeon","double-edge"
"leafeon","endure"
"leafeon","energy-ball"
"leafeon","facade"
"leafeon","fake-tears"
"leafeon","flail"
"leafeon","focus-energy"
"leafeon","giga-drain"
"leafeon","giga-impact"
"leafeon","grass-knot"
"leafeon","grassy-glide"
"leafeon","helping-hand"
"leafeon","hyper-beam"
"leafeon","hyper-voice"
"leafeon","knock-off"
"leafeon","last-resort"
"leafeon","leaf-blade"
"leafeon","leaf-storm"
"leafeon","leech-seed"
"leafeon","mud-shot"
"leafeon","mud-slap"
"leafeon","protect"
"leafeon","quick-attack"
"leafeon","rain-dance"
"leafeon","rest"
"leafeon","roar"
"leafeon","round"
"leafeon","seed-bomb"
"leafeon","shadow-ball"
"leafeon","sleep-talk"
"leafeon","snore"
"leafeon","solar-beam"
"leafeon","solar-blade"
"leafeon","stored-power"
"leafeon","substitute"
"leafeon","sunny-day"
"leafeon","swords-dance"
"leafeon","synthesis"
"leafeon","tickle"
"leafeon","trailblaze"
"leafeon","weather-ball"
"leafeon","wish"
"leafeon","x-scissor"
"leafeon","yawn"
"liepard","assurance"
"liepard","attract"
"liepard","baton-pass"
"liepard","bite"
"liepard","burning-jealousy"
"liepard","charm"
"liepard","copycat"
"liepard","covet"
"liepard","crunch"
"liepard","dark-pulse"
"liepard","double-team"
"liepard","encore"
"liepard","endure"
"liepard","facade"
"liepard","fake-out"
"liepard","fake-tears"
"liepard","fire-fang"
"liepard","foul-play"
"liepard","giga-impact"
"liepard","grass-knot"
"liepard","gunk-shot"
"liepard","hyper-beam"
"liepard","hyper-voice"
"liepard","ice-fang"
"liepard","iron-tail"
"liepard","knock-off"
"liepard","lash-out"
"liepard","nasty-plot"
"liepard","night-slash"
"liepard","payback"
"liepard","play-rough"
"liepard","protect"
"liepard","psychic-fangs"
"liepard","psycho-cut"
"liepard","quick-attack"
"liepard","rain-dance"
"liepard","rest"
"liepard","round"
"liepard","screech"
"liepard","seed-bomb"
"liepard","shadow-ball"
"liepard","shadow-claw"
"liepard","skitter-smack"
"liepard","sleep-talk"
"liepard","snarl"
"liepard","snore"
"liepard","substitute"
"liepard","sucker-punch"
"liepard","sunny-day"
"liepard","swagger"
"liepard","taunt"
"liepard","thief"
"liepard","throat-chop"
"liepard","thunder-fang"
"liepard","thunder-wave"
"liepard","torment"
"liepard","trailblaze"
"liepard","trick"
"liepard","u-turn"
"liepard","yawn"
"lopunny","acrobatics"
"lopunny","after-you"
"lopunny","agility"
"lopunny","assurance"
"lopunny","attract"
"lopunny","aura-sphere"
"lopunny","baby-doll-eyes"
"lopunny","baton-pass"
"lopunny","blizzard"
"lopunny","bounce"
"lopunny","brutal-swing"
"lopunny","charm"
"lopunny","circle-throw"
"lopunny","close-combat"
"lopunny","copycat"
"lopunny","cosmic-power"
"lopunny","cotton-guard"
"lopunny","dig"
"lopunny","double-hit"
"lopunny","drain-punch"
"lopunny","draining-kiss"
"lopunny","dynamic-punch"
"lopunny","encore"
"lopunny","endure"
"lopunny","entrainment"
"lopunny","facade"
"lopunny","fake-out"
"lopunny","fake-tears"
"lopunny","fire-punch"
"lopunny","flail"
"lopunny","flatter"
"lopunny","fling"
"lopunny","focus-blast"
"lopunny","focus-punch"
"lopunny","giga-impact"
"lopunny","grass-knot"
"lopunny","healing-wish"
"lopunny","helping-hand"
"lopunny","high-jump-kick"
"lopunny","hyper-beam"
"lopunny","hyper-voice"
"lopunny","ice-beam"
"lopunny","ice-punch"
"lopunny","iron-tail"
"lopunny","low-kick"
"lopunny","low-sweep"
"lopunny","mach-punch"
"lopunny","mega-kick"
"lopunny","mirror-coat"
"lopunny","payback"
"lopunny","play-rough"
"lopunny","pounce"
"lopunny","protect"
"lopunny","quick-attack"
"lopunny","rain-dance"
"lopunny","rest"
"lopunny","reversal"
"lopunny","round"
"lopunny","shadow-ball"
"lopunny","sleep-talk"
"lopunny","snore"
"lopunny","solar-beam"
"lopunny","substitute"
"lopunny","sunny-day"
"lopunny","sweet-kiss"
"lopunny","switcheroo"
"lopunny","swords-dance"
"lopunny","teeter-dance"
"lopunny","thunder"
"lopunny","thunder-punch"
"lopunny","thunder-wave"
"lopunny","thunderbolt"
"lopunny","trailblaze"
"lopunny","triple-axel"
"lopunny","u-turn"
"lopunny","uproar"
"lucario","aerial-ace"
"lucario","agility"
"lucario","aura-sphere"
"lucario","bite"
"lucario","blaze-kick"
"lucario","body-slam"
"lucario","bone-rush"
"lucario","brick-break"
"lucario","bulk-up"
"lucario","bulldoze"
"lucario","bullet-punch"
"lucario","calm-mind"
"lucario","circle-throw"
"lucario","close-combat"
"lucario","coaching"
"lucario","copycat"
"lucario","counter"
"lucario","cross-chop"
"lucario","crunch"
"lucario","dark-pulse"
"lucario","detect"
"lucario","dig"
"lucario","dragon-pulse"
"lucario","drain-punch"
"lucario","earthquake"
"lucario","endure"
"lucario","extreme-speed"
"lucario","facade"
"lucario","feint"
"lucario","final-gambit"
"lucario","flash-cannon"
"lucario","fling"
"lucario","focus-blast"
"lucario","focus-energy"
"lucario","focus-punch"
"lucario","giga-impact"
"lucario","heal-pulse"
"lucario","helping-hand"
"lucario","high-jump-kick"
"lucario","howl"
"lucario","hyper-beam"
"lucario","ice-punch"
"lucario","iron-defense"
"lucario","iron-tail"
"lucario","life-dew"
"lucario","low-kick"
"lucario","low-sweep"
"lucario","mega-kick"
"lucario","metal-sound"
"lucario","meteor-mash"
"lucario","nasty-plot"
"lucario","payback"
"lucario","poison-jab"
"lucario","protect"
"lucario","psych-up"
"lucario","psychic"
"lucario","quick-attack"
"lucario","quick-guard"
"lucario","rain-dance"
"lucario","rest"
"lucario","reversal"
"lucario","roar"
"lucario","rock-slide"
"lucario","rock-tomb"
"lucario","round"
"lucario","scary-face"
"lucario","screech"
"lucario","shadow-ball"
"lucario","shadow-claw"
"lucario","sleep-talk"
"lucario","snore"
"lucario","steel-beam"
"lucario","stone-edge"
"lucario","substitute"
"lucario","sunny-day"
"lucario","swords-dance"
"lucario","terrain-pulse"
"lucario","thunder-punch"
"lucario","trailblaze"
"lucario","upper-hand"
"lucario","vacuum-wave"
"lucario","water-pulse"
"lucario","zen-headbutt"
"luxray","agility"
"luxray","baby-doll-eyes"
"luxray","bite"
"luxray","body-slam"
"luxray","charge"
"luxray","charge-beam"
"luxray","confuse-ray"
"luxray","crunch"
"luxray","discharge"
"luxray","double-edge"
"luxray","eerie-impulse"
"luxray","electric-terrain"
"luxray","electro-ball"
"luxray","electroweb"
"luxray","endure"
"luxray","facade"
"luxray","fake-tears"
"luxray","fire-fang"
"luxray","giga-impact"
"luxray","helping-hand"
"luxray","howl"
"luxray","hyper-beam"
"luxray","ice-fang"
"luxray","iron-tail"
"luxray","light-screen"
"luxray","night-slash"
"luxray","play-rough"
"luxray","protect"
"luxray","psychic-fangs"
"luxray","quick-attack"
"luxray","rain-dance"
"luxray","rest"
"luxray","rising-voltage"
"luxray","roar"
"luxray","round"
"luxray","scary-face"
"luxray","sleep-talk"
"luxray","snarl"
"luxray","snore"
"luxray","substitute"
"luxray","sunny-day"
"luxray","supercell-slam"
"luxray","superpower"
"luxray","swagger"
"luxray","thief"
"luxray","throat-chop"
"luxray","thunder"
"luxray","thunder-fang"
"luxray","thunder-wave"
"luxray","thunderbolt"
"luxray","trailblaze"
"luxray","volt-switch"
"luxray","wild-charge"
"lycanroc-dusk","accelerock"
"lycanroc-dusk","bite"
"lycanroc-dusk","body-slam"
"lycanroc-dusk","brick-break"
"lycanroc-dusk","bulk-up"
"lycanroc-dusk","bulldoze"
"lycanroc-dusk","charm"
"lycanroc-dusk","close-combat"
"lycanroc-dusk","counter"
"lycanroc-dusk","crunch"
"lycanroc-dusk","crush-claw"
"lycanroc-dusk","dig"
"lycanroc-dusk","double-edge"
"lycanroc-dusk","double-team"
"lycanroc-dusk","drill-run"
"lycanroc-dusk","earth-power"
"lycanroc-dusk","endeavor"
"lycanroc-dusk","endure"
"lycanroc-dusk","facade"
"lycanroc-dusk","fire-fang"
"lycanroc-dusk","focus-energy"
"lycanroc-dusk","giga-impact"
"lycanroc-dusk","helping-hand"
"lycanroc-dusk","howl"
"lycanroc-dusk","hyper-voice"
"lycanroc-dusk","iron-defense"
"lycanroc-dusk","iron-head"
"lycanroc-dusk","iron-tail"
"lycanroc-dusk","last-resort"
"lycanroc-dusk","mud-slap"
"lycanroc-dusk","outrage"
"lycanroc-dusk","play-rough"
"lycanroc-dusk","protect"
"lycanroc-dusk","psychic-fangs"
"lycanroc-dusk","quick-attack"
"lycanroc-dusk","quick-guard"
"lycanroc-dusk","rest"
"lycanroc-dusk","reversal"
"lycanroc-dusk","roar"
"lycanroc-dusk","rock-blast"
"lycanroc-dusk","rock-slide"
"lycanroc-dusk","rock-tomb"
"lycanroc-dusk","round"
"lycanroc-dusk","sandstorm"
"lycanroc-dusk","scary-face"
"lycanroc-dusk","sleep-talk"
"lycanroc-dusk","snarl"
"lycanroc-dusk","snore"
"lycanroc-dusk","stealth-rock"
"lycanroc-dusk","stomping-tantrum"
"lycanroc-dusk","stone-edge"
"lycanroc-dusk","substitute"
"lycanroc-dusk","sucker-punch"
"lycanroc-dusk","swords-dance"
"lycanroc-dusk","tail-slap"
"lycanroc-dusk","taunt"
"lycanroc-dusk","thrash"
"lycanroc-dusk","throat-chop"
"lycanroc-dusk","thunder-fang"
"lycanroc-dusk","trailblaze"
"lycanroc-dusk","zen-headbutt"
"lycanroc-midday","accelerock"
"lycanroc-midday","agility"
"lycanroc-midday","assurance"
"lycanroc-midday","bite"
"lycanroc-midday","body-slam"
"lycanroc-midday","brick-break"
"lycanroc-midday","bulk-up"
"lycanroc-midday","bulldoze"
"lycanroc-midday","charm"
"lycanroc-midday","close-combat"
"lycanroc-midday","crunch"
"lycanroc-midday","dig"
"lycanroc-midday","double-edge"
"lycanroc-midday","double-team"
"lycanroc-midday","drill-run"
"lycanroc-midday","earth-power"
"lycanroc-midday","endeavor"
"lycanroc-midday","endure"
"lycanroc-midday","facade"
"lycanroc-midday","fire-fang"
"lycanroc-midday","giga-impact"
"lycanroc-midday","helping-hand"
"lycanroc-midday","howl"
"lycanroc-midday","hyper-voice"
"lycanroc-midday","iron-defense"
"lycanroc-midday","iron-head"
"lycanroc-midday","iron-tail"
"lycanroc-midday","last-resort"
"lycanroc-midday","mud-slap"
"lycanroc-midday","play-rough"
"lycanroc-midday","protect"
"lycanroc-midday","psychic-fangs"
"lycanroc-midday","quick-attack"
"lycanroc-midday","quick-guard"
"lycanroc-midday","rest"
"lycanroc-midday","roar"
"lycanroc-midday","rock-blast"
"lycanroc-midday","rock-slide"
"lycanroc-midday","rock-tomb"
"lycanroc-midday","round"
"lycanroc-midday","sandstorm"
"lycanroc-midday","scary-face"
"lycanroc-midday","sleep-talk"
"lycanroc-midday","snarl"
"lycanroc-midday","snore"
"lycanroc-midday","stealth-rock"
"lycanroc-midday","stomping-tantrum"
"lycanroc-midday","stone-edge"
"lycanroc-midday","substitute"
"lycanroc-midday","sucker-punch"
"lycanroc-midday","sunny-day"
"lycanroc-midday","swords-dance"
"lycanroc-midday","tail-slap"
"lycanroc-midday","taunt"
"lycanroc-midday","thrash"
"lycanroc-midday","thunder-fang"
"lycanroc-midday","trailblaze"
"lycanroc-midday","zen-headbutt"
"lycanroc-midnight","bite"
"lycanroc-midnight","body-slam"
"lycanroc-midnight","brick-break"
"lycanroc-midnight","bulk-up"
"lycanroc-midnight","bulldoze"
"lycanroc-midnight","charm"
"lycanroc-midnight","close-combat"
"lycanroc-midnight","counter"
"lycanroc-midnight","crunch"
"lycanroc-midnight","dig"
"lycanroc-midnight","double-edge"
"lycanroc-midnight","double-team"
"lycanroc-midnight","earth-power"
"lycanroc-midnight","endeavor"
"lycanroc-midnight","endure"
"lycanroc-midnight","facade"
"lycanroc-midnight","fire-fang"
"lycanroc-midnight","fire-punch"
"lycanroc-midnight","fling"
"lycanroc-midnight","focus-punch"
"lycanroc-midnight","foul-play"
"lycanroc-midnight","giga-impact"
"lycanroc-midnight","helping-hand"
"lycanroc-midnight","howl"
"lycanroc-midnight","hyper-voice"
"lycanroc-midnight","iron-defense"
"lycanroc-midnight","iron-head"
"lycanroc-midnight","iron-tail"
"lycanroc-midnight","knock-off"
"lycanroc-midnight","lash-out"
"lycanroc-midnight","last-resort"
"lycanroc-midnight","low-sweep"
"lycanroc-midnight","mega-kick"
"lycanroc-midnight","mud-slap"
"lycanroc-midnight","outrage"
"lycanroc-midnight","payback"
"lycanroc-midnight","play-rough"
"lycanroc-midnight","protect"
"lycanroc-midnight","psychic-fangs"
"lycanroc-midnight","rest"
"lycanroc-midnight","reversal"
"lycanroc-midnight","roar"
"lycanroc-midnight","rock-blast"
"lycanroc-midnight","rock-slide"
"lycanroc-midnight","rock-tomb"
"lycanroc-midnight","round"
"lycanroc-midnight","sandstorm"
"lycanroc-midnight","scary-face"
"lycanroc-midnight","shadow-claw"
"lycanroc-midnight","sleep-talk"
"lycanroc-midnight","snarl"
"lycanroc-midnight","snore"
"lycanroc-midnight","stealth-rock"
"lycanroc-midnight","stomping-tantrum"
"lycanroc-midnight","stone-edge"
"lycanroc-midnight","substitute"
"lycanroc-midnight","sucker-punch"
"lycanroc-midnight","sunny-day"
"lycanroc-midnight","swords-dance"
"lycanroc-midnight","taunt"
"lycanroc-midnight","thrash"
"lycanroc-midnight","throat-chop"
"lycanroc-midnight","thunder-fang"
"lycanroc-midnight","thunder-punch"
"lycanroc-midnight","trailblaze"
"lycanroc-midnight","upper-hand"
"lycanroc-midnight","uproar"
"lycanroc-midnight","zen-headbutt"
"machamp","assurance"
"machamp","attract"
"machamp","body-slam"
"machamp","brick-break"
"machamp","brutal-swing"
"machamp","bulk-up"
"machamp","bulldoze"
"machamp","bullet-punch"
"machamp","close-combat"
"machamp","coaching"
"machamp","counter"
"machamp","cross-chop"
"machamp","cross-poison"
"machamp","darkest-lariat"
"machamp","detect"
"machamp","dig"
"machamp","double-edge"
"machamp","drain-punch"
"machamp","dynamic-punch"
"machamp","earthquake"
"machamp","encore"
"machamp","endure"
"machamp","facade"
"machamp","fire-blast"
"machamp","fire-punch"
"machamp","flamethrower"
"machamp","fling"
"machamp","focus-blast"
"machamp","focus-energy"
"machamp","giga-impact"
"machamp","heavy-slam"
"machamp","helping-hand"
"machamp","high-horsepower"
"machamp","hyper-beam"
"machamp","ice-punch"
"machamp","knock-off"
"machamp","light-screen"
"machamp","low-kick"
"machamp","low-sweep"
"machamp","mega-kick"
"machamp","payback"
"machamp","poison-jab"
"machamp","protect"
"machamp","quick-guard"
"machamp","rain-dance"
"machamp","rest"
"machamp","reversal"
"machamp","rock-blast"
"machamp","rock-slide"
"machamp","rock-tomb"
"machamp","round"
"machamp","scary-face"
"machamp","seismic-toss"
"machamp","sleep-talk"
"machamp","snore"
"machamp","stomping-tantrum"
"machamp","stone-edge"
"machamp","storm-throw"
"machamp","substitute"
"machamp","sunny-day"
"machamp","superpower"
"machamp","thief"
"machamp","throat-chop"
"machamp","thunder-punch"
"machamp","tickle"
"machamp","wide-guard"
"mamoswine","amnesia"
"mamoswine","ancient-power"
"mamoswine","attract"
"mamoswine","avalanche"
"mamoswine","bite"
"mamoswine","blizzard"
"mamoswine","body-press"
"mamoswine","body-slam"
"mamoswine","bulldoze"
"mamoswine","charm"
"mamoswine","curse"
"mamoswine","dig"
"mamoswine","double-edge"
"mamoswine","double-hit"
"mamoswine","earth-power"
"mamoswine","earthquake"
"mamoswine","endeavor"
"mamoswine","endure"
"mamoswine","facade"
"mamoswine","fissure"
"mamoswine","flail"
"mamoswine","freeze-dry"
"mamoswine","giga-impact"
"mamoswine","hard-press"
"mamoswine","haze"
"mamoswine","heavy-slam"
"mamoswine","high-horsepower"
"mamoswine","hyper-beam"
"mamoswine","ice-beam"
"mamoswine","ice-fang"
"mamoswine","ice-shard"
"mamoswine","icicle-crash"
"mamoswine","icicle-spear"
"mamoswine","icy-wind"
"mamoswine","iron-head"
"mamoswine","knock-off"
"mamoswine","mud-shot"
"mamoswine","mud-slap"
"mamoswine","protect"
"mamoswine","rain-dance"
"mamoswine","reflect"
"mamoswine","rest"
"mamoswine","reversal"
"mamoswine","roar"
"mamoswine","rock-blast"
"mamoswine","rock-slide"
"mamoswine","rock-tomb"
"mamoswine","round"
"mamoswine","sand-tomb"
"mamoswine","sandstorm"
"mamoswine","scary-face"
"mamoswine","sleep-talk"
"mamoswine","smack-down"
"mamoswine","snore"
"mamoswine","snowscape"
"mamoswine","stealth-rock"
"mamoswine","stomping-tantrum"
"mamoswine","stone-edge"
"mamoswine","substitute"
"mamoswine","superpower"
"mamoswine","thrash"
"mamoswine","throat-chop"
"mamoswine","trailblaze"
"manectric","agility"
"manectric","attract"
"manectric","bite"
"manectric","body-slam"
"manectric","charge"
"manectric","charge-beam"
"manectric","crunch"
"manectric","curse"
"manectric","discharge"
"manectric","eerie-impulse"
"manectric","electric-terrain"
"manectric","electro-ball"
"manectric","endure"
"manectric","facade"
"manectric","fire-fang"
"manectric","flamethrower"
"manectric","giga-impact"
"manectric","howl"
"manectric","hyper-beam"
"manectric","hyper-voice"
"manectric","ice-fang"
"manectric","iron-tail"
"manectric","light-screen"
"manectric","overheat"
"manectric","pounce"
"manectric","protect"
"manectric","psychic-fangs"
"manectric","quick-attack"
"manectric","rain-dance"
"manectric","rest"
"manectric","rising-voltage"
"manectric","roar"
"manectric","round"
"manectric","scary-face"
"manectric","sleep-talk"
"manectric","snarl"
"manectric","snore"
"manectric","substitute"
"manectric","supercell-slam"
"manectric","switcheroo"
"manectric","thief"
"manectric","thunder"
"manectric","thunder-fang"
"manectric","thunder-wave"
"manectric","thunderbolt"
"manectric","trailblaze"
"manectric","uproar"
"manectric","volt-switch"
"manectric","wild-charge"
"maushold","aerial-ace"
"maushold","after-you"
"maushold","agility"
"maushold","baby-doll-eyes"
"maushold","baton-pass"
"maushold","beat-up"
"maushold","bite"
"maushold","bullet-seed"
"maushold","charm"
"maushold","chilling-water"
"maushold","copycat"
"maushold","crunch"
"maushold","dig"
"maushold","double-edge"
"maushold","double-hit"
"maushold","encore"
"maushold","endure"
"maushold","facade"
"maushold","fake-tears"
"maushold","feint"
"maushold","follow-me"
"maushold","giga-impact"
"maushold","grass-knot"
"maushold","helping-hand"
"maushold","hyper-beam"
"maushold","hyper-voice"
"maushold","low-kick"
"maushold","low-sweep"
"maushold","mud-shot"
"maushold","mud-slap"
"maushold","play-rough"
"maushold","population-bomb"
"maushold","protect"
"maushold","rain-dance"
"maushold","rest"
"maushold","seed-bomb"
"maushold","shadow-claw"
"maushold","sleep-talk"
"maushold","substitute"
"maushold","sunny-day"
"maushold","super-fang"
"maushold","switcheroo"
"maushold","taunt"
"maushold","thief"
"maushold","thunder-wave"
"maushold","tickle"
"maushold","tidy-up"
"maushold","trailblaze"
"maushold","u-turn"
"maushold","water-pulse"
"medicham","acupressure"
"medicham","aerial-ace"
"medicham","agility"
"medicham","aura-sphere"
"medicham","axe-kick"
"medicham","baton-pass"
"medicham","blaze-kick"
"medicham","body-slam"
"medicham","brick-break"
"medicham","bulk-up"
"medicham","bullet-punch"
"medicham","calm-mind"
"medicham","close-combat"
"medicham","coaching"
"medicham","counter"
"medicham","detect"
"medicham","drain-punch"
"medicham","dynamic-punch"
"medicham","endure"
"medicham","energy-ball"
"medicham","expanding-force"
"medicham","facade"
"medicham","fake-out"
"medicham","feint"
"medicham","fire-punch"
"medicham","fling"
"medicham","focus-blast"
"medicham","focus-punch"
"medicham","giga-impact"
"medicham","grass-knot"
"medicham","gravity"
"medicham","guard-swap"
"medicham","helping-hand"
"medicham","high-jump-kick"
"medicham","hyper-beam"
"medicham","ice-punch"
"medicham","imprison"
"medicham","light-screen"
"medicham","low-kick"
"medicham","low-sweep"
"medicham","mega-kick"
"medicham","night-shade"
"medicham","pain-split"
"medicham","poison-jab"
"medicham","power-swap"
"medicham","power-trick"
"medicham","protect"
"medicham","psych-up"
"medicham","psychic"
"medicham","psychic-terrain"
"medicham","psycho-cut"
"medicham","psyshock"
"medicham","quick-guard"
"medicham","rain-dance"
"medicham","recover"
"medicham","reflect"
"medicham","rest"
"medicham","reversal"
"medicham","rock-slide"
"medicham","rock-tomb"
"medicham","round"
"medicham","shadow-ball"
"medicham","skill-swap"
"medicham","sleep-talk"
"medicham","snore"
"medicham","stored-power"
"medicham","substitute"
"medicham","sunny-day"
"medicham","taunt"
"medicham","thief"
"medicham","thunder-punch"
"medicham","trailblaze"
"medicham","trick"
"medicham","trick-room"
"medicham","upper-hand"
"medicham","vacuum-wave"
"medicham","zen-headbutt"
"meganium","ancient-power"
"meganium","body-press"
"meganium","body-slam"
"meganium","bulldoze"
"meganium","bullet-seed"
"meganium","charm"
"meganium","counter"
"meganium","curse"
"meganium","dazzling-gleam"
"meganium","double-edge"
"meganium","dragon-tail"
"meganium","earth-power"
"meganium","earthquake"
"meganium","encore"
"meganium","endeavor"
"meganium","endure"
"meganium","energy-ball"
"meganium","facade"
"meganium","fake-tears"
"meganium","flail"
"meganium","frenzy-plant"
"meganium","giga-drain"
"meganium","giga-impact"
"meganium","grass-knot"
"meganium","grassy-glide"
"meganium","grassy-terrain"
"meganium","heal-pulse"
"meganium","helping-hand"
"meganium","hyper-beam"
"meganium","ingrain"
"meganium","iron-tail"
"meganium","knock-off"
"meganium","leaf-blade"
"meganium","leaf-storm"
"meganium","leech-seed"
"meganium","light-screen"
"meganium","mud-slap"
"meganium","outrage"
"meganium","petal-blizzard"
"meganium","petal-dance"
"meganium","poison-powder"
"meganium","pollen-puff"
"meganium","protect"
"meganium","reflect"
"meganium","rest"
"meganium","round"
"meganium","safeguard"
"meganium","seed-bomb"
"meganium","sleep-talk"
"meganium","snore"
"meganium","solar-beam"
"meganium","solar-blade"
"meganium","stomping-tantrum"
"meganium","substitute"
"meganium","sunny-day"
"meganium","sweet-scent"
"meganium","swords-dance"
"meganium","synthesis"
"meganium","trailblaze"
"meganium","weather-ball"
"meganium","zen-headbutt"
"meowscarada","acrobatics"
"meowscarada","aerial-ace"
"meowscarada","agility"
"meowscarada","ally-switch"
"meowscarada","aura-sphere"
"meowscarada","bite"
"meowscarada","brick-break"
"meowscarada","bullet-seed"
"meowscarada","charm"
"meowscarada","chilling-water"
"meowscarada","copycat"
"meowscarada","dark-pulse"
"meowscarada","double-team"
"meowscarada","endure"
"meowscarada","energy-ball"
"meowscarada","facade"
"meowscarada","fake-tears"
"meowscarada","fling"
"meowscarada","flower-trick"
"meowscarada","foul-play"
"meowscarada","frenzy-plant"
"meowscarada","giga-drain"
"meowscarada","giga-impact"
"meowscarada","grass-knot"
"meowscarada","grassy-glide"
"meowscarada","grassy-terrain"
"meowscarada","helping-hand"
"meowscarada","hyper-beam"
"meowscarada","knock-off"
"meowscarada","lash-out"
"meowscarada","leaf-storm"
"meowscarada","leech-seed"
"meowscarada","low-kick"
"meowscarada","low-sweep"
"meowscarada","mud-slap"
"meowscarada","nasty-plot"
"meowscarada","night-slash"
"meowscarada","petal-blizzard"
"meowscarada","play-rough"
"meowscarada","pollen-puff"
"meowscarada","power-gem"
"meowscarada","protect"
"meowscarada","psych-up"
"meowscarada","quick-attack"
"meowscarada","rest"
"meowscarada","seed-bomb"
"meowscarada","shadow-ball"
"meowscarada","shadow-claw"
"meowscarada","skill-swap"
"meowscarada","sleep-talk"
"meowscarada","solar-beam"
"meowscarada","spikes"
"meowscarada","substitute"
"meowscarada","sucker-punch"
"meowscarada","taunt"
"meowscarada","thief"
"meowscarada","throat-chop"
"meowscarada","thunder-punch"
"meowscarada","toxic-spikes"
"meowscarada","trailblaze"
"meowscarada","trick"
"meowscarada","trick-room"
"meowscarada","triple-axel"
"meowscarada","u-turn"
"meowscarada","worry-seed"
"meowstic","alluring-voice"
"meowstic","baton-pass"
"meowstic","calm-mind"
"meowstic","charge-beam"
"meowstic","charm"
"meowstic","covet"
"meowstic","dark-pulse"
"meowstic","dig"
"meowstic","endure"
"meowstic","energy-ball"
"meowstic","expanding-force"
"meowstic","extrasensory"
"meowstic","facade"
"meowstic","fake-out"
"meowstic","fake-tears"
"meowstic","future-sight"
"meowstic","giga-impact"
"meowstic","gravity"
"meowstic","helping-hand"
"meowstic","hyper-beam"
"meowstic","imprison"
"meowstic","iron-tail"
"meowstic","light-screen"
"meowstic","magic-room"
"meowstic","mean-look"
"meowstic","misty-terrain"
"meowstic","nasty-plot"
"meowstic","payback"
"meowstic","play-rough"
"meowstic","protect"
"meowstic","psych-up"
"meowstic","psychic"
"meowstic","psychic-noise"
"meowstic","psychic-terrain"
"meowstic","psyshock"
"meowstic","quick-guard"
"meowstic","rain-dance"
"meowstic","reflect"
"meowstic","rest"
"meowstic","role-play"
"meowstic","round"
"meowstic","safeguard"
"meowstic","shadow-ball"
"meowstic","skill-swap"
"meowstic","sleep-talk"
"meowstic","snore"
"meowstic","stored-power"
"meowstic","substitute"
"meowstic","sucker-punch"
"meowstic","sunny-day"
"meowstic","tail-slap"
"meowstic","thunder-wave"
"meowstic","thunderbolt"
"meowstic","tickle"
"meowstic","trailblaze"
"meowstic","trick"
"meowstic","trick-room"
"meowstic","wish"
"meowstic","wonder-room"
"meowstic","yawn"
"meowstic","zen-headbutt"
"milotic","alluring-voice"
"milotic","aqua-ring"
"milotic","aqua-tail"
"milotic","attract"
"milotic","avalanche"
"milotic","blizzard"
"milotic","body-slam"
"milotic","breaking-swipe"
"milotic","brutal-swing"
"milotic","bulldoze"
"milotic","chilling-water"
"milotic","coil"
"milotic","confuse-ray"
"milotic","dive"
"milotic","double-edge"
"milotic","dragon-cheer"
"milotic","dragon-dance"
"milotic","dragon-pulse"
"milotic","dragon-tail"
"milotic","draining-kiss"
"milotic","endure"
"milotic","facade"
"milotic","flail"
"milotic","flip-turn"
"milotic","giga-impact"
"milotic","haze"
"milotic","helping-hand"
"milotic","hydro-pump"
"milotic","hyper-beam"
"milotic","hypnosis"
"milotic","ice-beam"
"milotic","icy-wind"
"milotic","imprison"
"milotic","iron-head"
"milotic","iron-tail"
"milotic","life-dew"
"milotic","light-screen"
"milotic","mirror-coat"
"milotic","mud-shot"
"milotic","muddy-water"
"milotic","protect"
"milotic","psych-up"
"milotic","rain-dance"
"milotic","recover"
"milotic","rest"
"milotic","round"
"milotic","safeguard"
"milotic","scald"
"milotic","scale-shot"
"milotic","skitter-smack"
"milotic","sleep-talk"
"milotic","snore"
"milotic","substitute"
"milotic","surf"
"milotic","tickle"
"milotic","triple-axel"
"milotic","water-pulse"
"milotic","waterfall"
"milotic","weather-ball"
"milotic","whirlpool"
"milotic","wrap"
"mimikyu","baby-doll-eyes"
"mimikyu","beat-up"
"mimikyu","bulk-up"
"mimikyu","burning-jealousy"
"mimikyu","charm"
"mimikyu","confuse-ray"
"mimikyu","copycat"
"mimikyu","curse"
"mimikyu","dark-pulse"
"mimikyu","dazzling-gleam"
"mimikyu","destiny-bond"
"mimikyu","double-team"
"mimikyu","drain-punch"
"mimikyu","draining-kiss"
"mimikyu","endure"
"mimikyu","facade"
"mimikyu","fling"
"mimikyu","giga-drain"
"mimikyu","giga-impact"
"mimikyu","hex"
"mimikyu","hyper-beam"
"mimikyu","leech-life"
"mimikyu","light-screen"
"mimikyu","magic-room"
"mimikyu","misty-terrain"
"mimikyu","night-shade"
"mimikyu","night-slash"
"mimikyu","pain-split"
"mimikyu","payback"
"mimikyu","phantom-force"
"mimikyu","play-rough"
"mimikyu","pounce"
"mimikyu","protect"
"mimikyu","psych-up"
"mimikyu","psychic"
"mimikyu","rain-dance"
"mimikyu","rest"
"mimikyu","round"
"mimikyu","safeguard"
"mimikyu","screech"
"mimikyu","shadow-ball"
"mimikyu","shadow-claw"
"mimikyu","shadow-sneak"
"mimikyu","sleep-talk"
"mimikyu","snore"
"mimikyu","spite"
"mimikyu","substitute"
"mimikyu","sunny-day"
"mimikyu","swords-dance"
"mimikyu","taunt"
"mimikyu","thief"
"mimikyu","thunder"
"mimikyu","thunder-wave"
"mimikyu","thunderbolt"
"mimikyu","trailblaze"
"mimikyu","trick"
"mimikyu","trick-room"
"mimikyu","will-o-wisp"
"mimikyu","wood-hammer"
"mimikyu","x-scissor"
"morpeko","agility"
"morpeko","assurance"
"morpeko","aura-wheel"
"morpeko","baton-pass"
"morpeko","bite"
"morpeko","brick-break"
"morpeko","bullet-seed"
"morpeko","charge"
"morpeko","charge-beam"
"morpeko","crunch"
"morpeko","dark-pulse"
"morpeko","double-edge"
"morpeko","eerie-impulse"
"morpeko","electric-terrain"
"morpeko","electro-ball"
"morpeko","electroweb"
"morpeko","endeavor"
"morpeko","endure"
"morpeko","facade"
"morpeko","fake-out"
"morpeko","fake-tears"
"morpeko","fire-fang"
"morpeko","flatter"
"morpeko","fling"
"morpeko","foul-play"
"morpeko","ice-fang"
"morpeko","knock-off"
"morpeko","lash-out"
"morpeko","nasty-plot"
"morpeko","outrage"
"morpeko","parting-shot"
"morpeko","payback"
"morpeko","power-trip"
"morpeko","protect"
"morpeko","psychic-fangs"
"morpeko","quash"
"morpeko","quick-attack"
"morpeko","rapid-spin"
"morpeko","rest"
"morpeko","reversal"
"morpeko","rising-voltage"
"morpeko","round"
"morpeko","scary-face"
"morpeko","seed-bomb"
"morpeko","sleep-talk"
"morpeko","snarl"
"morpeko","snore"
"morpeko","spite"
"morpeko","stomping-tantrum"
"morpeko","substitute"
"morpeko","super-fang"
"morpeko","swagger"
"morpeko","taunt"
"morpeko","thief"
"morpeko","thrash"
"morpeko","thunder"
"morpeko","thunder-fang"
"morpeko","thunder-punch"
"morpeko","thunder-wave"
"morpeko","thunderbolt"
"morpeko","tickle"
"morpeko","torment"
"morpeko","uproar"
"morpeko","volt-switch"
"morpeko","wild-charge"
"mr-rime","after-you"
"mr-rime","ally-switch"
"mr-rime","attract"
"mr-rime","avalanche"
"mr-rime","baton-pass"
"mr-rime","blizzard"
"mr-rime","block"
"mr-rime","body-slam"
"mr-rime","brick-break"
"mr-rime","calm-mind"
"mr-rime","charm"
"mr-rime","chilling-water"
"mr-rime","confuse-ray"
"mr-rime","copycat"
"mr-rime","dazzling-gleam"
"mr-rime","drain-punch"
"mr-rime","encore"
"mr-rime","endure"
"mr-rime","energy-ball"
"mr-rime","expanding-force"
"mr-rime","facade"
"mr-rime","fake-out"
"mr-rime","fake-tears"
"mr-rime","fling"
"mr-rime","focus-blast"
"mr-rime","foul-play"
"mr-rime","freeze-dry"
"mr-rime","frost-breath"
"mr-rime","future-sight"
"mr-rime","giga-impact"
"mr-rime","grass-knot"
"mr-rime","guard-swap"
"mr-rime","haze"
"mr-rime","helping-hand"
"mr-rime","hyper-beam"
"mr-rime","hypnosis"
"mr-rime","ice-beam"
"mr-rime","ice-punch"
"mr-rime","ice-shard"
"mr-rime","ice-spinner"
"mr-rime","icicle-spear"
"mr-rime","icy-wind"
"mr-rime","iron-defense"
"mr-rime","light-screen"
"mr-rime","magic-room"
"mr-rime","mega-kick"
"mr-rime","mirror-coat"
"mr-rime","misty-terrain"
"mr-rime","nasty-plot"
"mr-rime","payback"
"mr-rime","power-split"
"mr-rime","power-swap"
"mr-rime","protect"
"mr-rime","psychic"
"mr-rime","psychic-terrain"
"mr-rime","psyshock"
"mr-rime","rain-dance"
"mr-rime","rapid-spin"
"mr-rime","recycle"
"mr-rime","reflect"
"mr-rime","rest"
"mr-rime","role-play"
"mr-rime","round"
"mr-rime","safeguard"
"mr-rime","screech"
"mr-rime","shadow-ball"
"mr-rime","sheer-cold"
"mr-rime","skill-swap"
"mr-rime","slack-off"
"mr-rime","sleep-talk"
"mr-rime","snore"
"mr-rime","snowscape"
"mr-rime","solar-beam"
"mr-rime","stomping-tantrum"
"mr-rime","stored-power"
"mr-rime","substitute"
"mr-rime","sucker-punch"
"mr-rime","sunny-day"
"mr-rime","swagger"
"mr-rime","taunt"
"mr-rime","teeter-dance"
"mr-rime","thief"
"mr-rime","thunder"
"mr-rime","thunder-wave"
"mr-rime","thunderbolt"
"mr-rime","tickle"
"mr-rime","torment"
"mr-rime","trick"
"mr-rime","trick-room"
"mr-rime","triple-axel"
"mr-rime","uproar"
"mr-rime","wonder-room"
"mr-rime","zen-headbutt"
"mudsdale","body-press"
"mudsdale","body-slam"
"mudsdale","bulldoze"
"mudsdale","close-combat"
"mudsdale","counter"
"mudsdale","curse"
"mudsdale","double-edge"
"mudsdale","earth-power"
"mudsdale","earthquake"
"mudsdale","endeavor"
"mudsdale","endure"
"mudsdale","facade"
"mudsdale","fissure"
"mudsdale","focus-blast"
"mudsdale","giga-impact"
"mudsdale","heavy-slam"
"mudsdale","high-horsepower"
"mudsdale","hyper-beam"
"mudsdale","iron-defense"
"mudsdale","iron-head"
"mudsdale","lash-out"
"mudsdale","low-kick"
"mudsdale","low-sweep"
"mudsdale","mega-kick"
"mudsdale","mud-shot"
"mudsdale","mud-slap"
"mudsdale","payback"
"mudsdale","protect"
"mudsdale","rest"
"mudsdale","roar"
"mudsdale","rock-slide"
"mudsdale","rock-tomb"
"mudsdale","round"
"mudsdale","sand-tomb"
"mudsdale","sandstorm"
"mudsdale","scary-face"
"mudsdale","sleep-talk"
"mudsdale","smack-down"
"mudsdale","snore"
"mudsdale","stealth-rock"
"mudsdale","stomping-tantrum"
"mudsdale","stone-edge"
"mudsdale","substitute"
"mudsdale","sunny-day"
"mudsdale","superpower"
"ninetales","agility"
"ninetales","attract"
"ninetales","baby-doll-eyes"
"ninetales","baton-pass"
"ninetales","body-slam"
"ninetales","burning-jealousy"
"ninetales","calm-mind"
"ninetales","charm"
"ninetales","confuse-ray"
"ninetales","dark-pulse"
"ninetales","dig"
"ninetales","disable"
"ninetales","double-edge"
"ninetales","encore"
"ninetales","endure"
"ninetales","energy-ball"
"ninetales","extrasensory"
"ninetales","facade"
"ninetales","fake-tears"
"ninetales","fire-blast"
"ninetales","fire-spin"
"ninetales","flail"
"ninetales","flame-charge"
"ninetales","flamethrower"
"ninetales","flare-blitz"
"ninetales","foul-play"
"ninetales","giga-impact"
"ninetales","healing-wish"
"ninetales","heat-wave"
"ninetales","helping-hand"
"ninetales","hex"
"ninetales","howl"
"ninetales","hyper-beam"
"ninetales","hypnosis"
"ninetales","imprison"
"ninetales","inferno"
"ninetales","iron-tail"
"ninetales","memento"
"ninetales","mystical-fire"
"ninetales","nasty-plot"
"ninetales","night-shade"
"ninetales","overheat"
"ninetales","pain-split"
"ninetales","payback"
"ninetales","power-swap"
"ninetales","protect"
"ninetales","psych-up"
"ninetales","psyshock"
"ninetales","quick-attack"
"ninetales","rest"
"ninetales","roar"
"ninetales","round"
"ninetales","safeguard"
"ninetales","scorching-sands"
"ninetales","shadow-ball"
"ninetales","sleep-talk"
"ninetales","snarl"
"ninetales","snore"
"ninetales","solar-beam"
"ninetales","spite"
"ninetales","stored-power"
"ninetales","substitute"
"ninetales","sunny-day"
"ninetales","tail-slap"
"ninetales","weather-ball"
"ninetales","will-o-wisp"
"ninetales","zen-headbutt"
"ninetales-alola","agility"
"ninetales-alola","attract"
"ninetales-alola","aurora-veil"
"ninetales-alola","avalanche"
"ninetales-alola","baby-doll-eyes"
"ninetales-alola","baton-pass"
"ninetales-alola","blizzard"
"ninetales-alola","body-slam"
"ninetales-alola","calm-mind"
"ninetales-alola","charm"
"ninetales-alola","chilling-water"
"ninetales-alola","confuse-ray"
"ninetales-alola","dark-pulse"
"ninetales-alola","dazzling-gleam"
"ninetales-alola","dig"
"ninetales-alola","disable"
"ninetales-alola","double-edge"
"ninetales-alola","draining-kiss"
"ninetales-alola","encore"
"ninetales-alola","endure"
"ninetales-alola","extrasensory"
"ninetales-alola","facade"
"ninetales-alola","fake-tears"
"ninetales-alola","flail"
"ninetales-alola","foul-play"
"ninetales-alola","freeze-dry"
"ninetales-alola","giga-impact"
"ninetales-alola","helping-hand"
"ninetales-alola","hex"
"ninetales-alola","howl"
"ninetales-alola","hyper-beam"
"ninetales-alola","hypnosis"
"ninetales-alola","ice-beam"
"ninetales-alola","ice-shard"
"ninetales-alola","icicle-spear"
"ninetales-alola","icy-wind"
"ninetales-alola","imprison"
"ninetales-alola","iron-tail"
"ninetales-alola","misty-terrain"
"ninetales-alola","moonblast"
"ninetales-alola","nasty-plot"
"ninetales-alola","pain-split"
"ninetales-alola","payback"
"ninetales-alola","play-rough"
"ninetales-alola","power-swap"
"ninetales-alola","protect"
"ninetales-alola","psych-up"
"ninetales-alola","psyshock"
"ninetales-alola","rain-dance"
"ninetales-alola","rest"
"ninetales-alola","roar"
"ninetales-alola","round"
"ninetales-alola","safeguard"
"ninetales-alola","sleep-talk"
"ninetales-alola","snore"
"ninetales-alola","snowscape"
"ninetales-alola","spite"
"ninetales-alola","stored-power"
"ninetales-alola","substitute"
"ninetales-alola","tail-slap"
"ninetales-alola","triple-axel"
"ninetales-alola","weather-ball"
"ninetales-alola","wonder-room"
"ninetales-alola","zen-headbutt"
"noivern","acrobatics"
"noivern","aerial-ace"
"noivern","agility"
"noivern","air-cutter"
"noivern","air-slash"
"noivern","bite"
"noivern","body-slam"
"noivern","boomburst"
"noivern","breaking-swipe"
"noivern","brick-break"
"noivern","dark-pulse"
"noivern","defog"
"noivern","double-edge"
"noivern","double-team"
"noivern","draco-meteor"
"noivern","dragon-cheer"
"noivern","dragon-claw"
"noivern","dragon-dance"
"noivern","dragon-pulse"
"noivern","dragon-rush"
"noivern","dragon-tail"
"noivern","dual-wingbeat"
"noivern","endure"
"noivern","facade"
"noivern","flamethrower"
"noivern","fly"
"noivern","focus-blast"
"noivern","giga-impact"
"noivern","heat-wave"
"noivern","hurricane"
"noivern","hyper-beam"
"noivern","hyper-voice"
"noivern","iron-tail"
"noivern","leech-life"
"noivern","moonlight"
"noivern","outrage"
"noivern","protect"
"noivern","psychic"
"noivern","psychic-noise"
"noivern","rest"
"noivern","roost"
"noivern","round"
"noivern","scary-face"
"noivern","screech"
"noivern","shadow-ball"
"noivern","shadow-claw"
"noivern","sky-attack"
"noivern","sleep-talk"
"noivern","snore"
"noivern","solar-beam"
"noivern","steel-wing"
"noivern","substitute"
"noivern","sunny-day"
"noivern","super-fang"
"noivern","switcheroo"
"noivern","tailwind"
"noivern","taunt"
"noivern","thief"
"noivern","u-turn"
"noivern","uproar"
"noivern","water-pulse"
"noivern","whirlwind"
"noivern","wild-charge"
"noivern","x-scissor"
"oranguru","after-you"
"oranguru","body-slam"
"oranguru","brick-break"
"oranguru","bulldoze"
"oranguru","calm-mind"
"oranguru","charge-beam"
"oranguru","chilling-water"
"oranguru","earthquake"
"oranguru","encore"
"oranguru","endeavor"
"oranguru","endure"
"oranguru","energy-ball"
"oranguru","expanding-force"
"oranguru","extrasensory"
"oranguru","facade"
"oranguru","fling"
"oranguru","focus-blast"
"oranguru","foul-play"
"oranguru","future-sight"
"oranguru","giga-impact"
"oranguru","gravity"
"oranguru","hyper-beam"
"oranguru","hyper-voice"
"oranguru","imprison"
"oranguru","instruct"
"oranguru","knock-off"
"oranguru","last-resort"
"oranguru","light-screen"
"oranguru","magic-room"
"oranguru","mega-kick"
"oranguru","nasty-plot"
"oranguru","pain-split"
"oranguru","payback"
"oranguru","protect"
"oranguru","psych-up"
"oranguru","psychic"
"oranguru","psychic-noise"
"oranguru","psychic-terrain"
"oranguru","psyshock"
"oranguru","quash"
"oranguru","rain-dance"
"oranguru","reflect"
"oranguru","rest"
"oranguru","rock-slide"
"oranguru","round"
"oranguru","safeguard"
"oranguru","scary-face"
"oranguru","shadow-ball"
"oranguru","skill-swap"
"oranguru","sleep-talk"
"oranguru","snore"
"oranguru","stored-power"
"oranguru","substitute"
"oranguru","sunny-day"
"oranguru","taunt"
"oranguru","terrain-pulse"
"oranguru","thunder"
"oranguru","thunderbolt"
"oranguru","trailblaze"
"oranguru","trick"
"oranguru","trick-room"
"oranguru","wonder-room"
"oranguru","yawn"
"oranguru","zen-headbutt"
"orthworm","body-press"
"orthworm","body-slam"
"orthworm","bulldoze"
"orthworm","coil"
"orthworm","curse"
"orthworm","dig"
"orthworm","double-edge"
"orthworm","earth-power"
"orthworm","earthquake"
"orthworm","endure"
"orthworm","facade"
"orthworm","flash-cannon"
"orthworm","giga-impact"
"orthworm","heavy-slam"
"orthworm","helping-hand"
"orthworm","high-horsepower"
"orthworm","hyper-beam"
"orthworm","iron-defense"
"orthworm","iron-head"
"orthworm","iron-tail"
"orthworm","metal-burst"
"orthworm","metal-sound"
"orthworm","mud-shot"
"orthworm","mud-slap"
"orthworm","protect"
"orthworm","rest"
"orthworm","rock-blast"
"orthworm","rock-slide"
"orthworm","rock-tomb"
"orthworm","sand-tomb"
"orthworm","sandstorm"
"orthworm","shed-tail"
"orthworm","sleep-talk"
"orthworm","smack-down"
"orthworm","spikes"
"orthworm","stealth-rock"
"orthworm","steel-beam"
"orthworm","stomping-tantrum"
"orthworm","substitute"
"orthworm","wrap"
"palafin","acrobatics"
"palafin","agility"
"palafin","aqua-jet"
"palafin","aqua-tail"
"palafin","aura-sphere"
"palafin","blizzard"
"palafin","body-slam"
"palafin","boomburst"
"palafin","bounce"
"palafin","bulk-up"
"palafin","charm"
"palafin","chilling-water"
"palafin","close-combat"
"palafin","counter"
"palafin","dive"
"palafin","double-hit"
"palafin","drain-punch"
"palafin","draining-kiss"
"palafin","encore"
"palafin","endeavor"
"palafin","endure"
"palafin","facade"
"palafin","fling"
"palafin","flip-turn"
"palafin","focus-blast"
"palafin","focus-energy"
"palafin","focus-punch"
"palafin","giga-impact"
"palafin","grass-knot"
"palafin","hard-press"
"palafin","haze"
"palafin","helping-hand"
"palafin","hydro-pump"
"palafin","hyper-beam"
"palafin","hyper-voice"
"palafin","ice-beam"
"palafin","ice-punch"
"palafin","icy-wind"
"palafin","iron-head"
"palafin","jet-punch"
"palafin","liquidation"
"palafin","outrage"
"palafin","protect"
"palafin","psych-up"
"palafin","rain-dance"
"palafin","rest"
"palafin","reversal"
"palafin","sleep-talk"
"palafin","substitute"
"palafin","surf"
"palafin","taunt"
"palafin","throat-chop"
"palafin","tickle"
"palafin","water-pulse"
"palafin","waterfall"
"palafin","wave-crash"
"palafin","whirlpool"
"palafin","zen-headbutt"
"pangoro","attract"
"pangoro","beat-up"
"pangoro","body-slam"
"pangoro","brick-break"
"pangoro","brutal-swing"
"pangoro","bulk-up"
"pangoro","bulldoze"
"pangoro","bullet-punch"
"pangoro","circle-throw"
"pangoro","close-combat"
"pangoro","coaching"
"pangoro","comeuppance"
"pangoro","crunch"
"pangoro","dark-pulse"
"pangoro","darkest-lariat"
"pangoro","detect"
"pangoro","dig"
"pangoro","dragon-claw"
"pangoro","drain-punch"
"pangoro","earthquake"
"pangoro","endure"
"pangoro","entrainment"
"pangoro","facade"
"pangoro","fire-punch"
"pangoro","fling"
"pangoro","focus-blast"
"pangoro","focus-energy"
"pangoro","foul-play"
"pangoro","giga-impact"
"pangoro","grass-knot"
"pangoro","gunk-shot"
"pangoro","hammer-arm"
"pangoro","headlong-rush"
"pangoro","helping-hand"
"pangoro","hyper-beam"
"pangoro","hyper-voice"
"pangoro","ice-punch"
"pangoro","iron-head"
"pangoro","knock-off"
"pangoro","lash-out"
"pangoro","low-kick"
"pangoro","low-sweep"
"pangoro","mega-kick"
"pangoro","night-slash"
"pangoro","outrage"
"pangoro","parting-shot"
"pangoro","payback"
"pangoro","poison-jab"
"pangoro","power-trip"
"pangoro","protect"
"pangoro","quash"
"pangoro","quick-guard"
"pangoro","rain-dance"
"pangoro","rest"
"pangoro","reversal"
"pangoro","rock-slide"
"pangoro","rock-tomb"
"pangoro","round"
"pangoro","scary-face"
"pangoro","seismic-toss"
"pangoro","shadow-claw"
"pangoro","sleep-talk"
"pangoro","sludge-bomb"
"pangoro","snarl"
"pangoro","snore"
"pangoro","stomping-tantrum"
"pangoro","stone-edge"
"pangoro","storm-throw"
"pangoro","substitute"
"pangoro","sunny-day"
"pangoro","superpower"
"pangoro","surf"
"pangoro","swords-dance"
"pangoro","taunt"
"pangoro","thief"
"pangoro","throat-chop"
"pangoro","thunder-punch"
"pangoro","uproar"
"pangoro","x-scissor"
"pangoro","zen-headbutt"
"passimian","acrobatics"
"passimian","assurance"
"passimian","baton-pass"
"passimian","beat-up"
"passimian","body-slam"
"passimian","brick-break"
"passimian","brutal-swing"
"passimian","bulk-up"
"passimian","bulldoze"
"passimian","chilling-water"
"passimian","close-combat"
"passimian","coaching"
"passimian","counter"
"passimian","curse"
"passimian","double-edge"
"passimian","drain-punch"
"passimian","earthquake"
"passimian","electroweb"
"passimian","endure"
"passimian","energy-ball"
"passimian","facade"
"passimian","feint"
"passimian","fling"
"passimian","focus-blast"
"passimian","focus-energy"
"passimian","focus-punch"
"passimian","giga-impact"
"passimian","grass-knot"
"passimian","gunk-shot"
"passimian","gyro-ball"
"passimian","hyper-beam"
"passimian","iron-head"
"passimian","iron-tail"
"passimian","knock-off"
"passimian","low-kick"
"passimian","low-sweep"
"passimian","mega-kick"
"passimian","pain-split"
"passimian","payback"
"passimian","protect"
"passimian","quick-attack"
"passimian","quick-guard"
"passimian","rain-dance"
"passimian","rest"
"passimian","reversal"
"passimian","rock-slide"
"passimian","rock-tomb"
"passimian","round"
"passimian","scary-face"
"passimian","seed-bomb"
"passimian","seismic-toss"
"passimian","shadow-ball"
"passimian","sleep-talk"
"passimian","smack-down"
"passimian","snore"
"passimian","substitute"
"passimian","sunny-day"
"passimian","superpower"
"passimian","taunt"
"passimian","thief"
"passimian","thrash"
"passimian","trailblaze"
"passimian","u-turn"
"passimian","upper-hand"
"passimian","uproar"
"passimian","vacuum-wave"
"pelipper","acrobatics"
"pelipper","aerial-ace"
"pelipper","agility"
"pelipper","air-cutter"
"pelipper","air-slash"
"pelipper","aqua-ring"
"pelipper","blizzard"
"pelipper","body-slam"
"pelipper","brave-bird"
"pelipper","chilling-water"
"pelipper","dual-wingbeat"
"pelipper","endure"
"pelipper","facade"
"pelipper","feather-dance"
"pelipper","fling"
"pelipper","fly"
"pelipper","giga-impact"
"pelipper","gunk-shot"
"pelipper","helping-hand"
"pelipper","hurricane"
"pelipper","hydro-pump"
"pelipper","hyper-beam"
"pelipper","ice-beam"
"pelipper","icy-wind"
"pelipper","knock-off"
"pelipper","liquidation"
"pelipper","muddy-water"
"pelipper","protect"
"pelipper","quick-attack"
"pelipper","rain-dance"
"pelipper","rest"
"pelipper","roost"
"pelipper","round"
"pelipper","seed-bomb"
"pelipper","sleep-talk"
"pelipper","snore"
"pelipper","snowscape"
"pelipper","soak"
"pelipper","spit-up"
"pelipper","steel-wing"
"pelipper","stockpile"
"pelipper","substitute"
"pelipper","surf"
"pelipper","swallow"
"pelipper","tailwind"
"pelipper","thief"
"pelipper","u-turn"
"pelipper","uproar"
"pelipper","water-pulse"
"pelipper","waterfall"
"pelipper","weather-ball"
"pelipper","whirlpool"
"pelipper","wide-guard"
"pidgeot","aerial-ace"
"pidgeot","agility"
"pidgeot","air-slash"
"pidgeot","attract"
"pidgeot","brave-bird"
"pidgeot","dual-wingbeat"
"pidgeot","endure"
"pidgeot","facade"
"pidgeot","feather-dance"
"pidgeot","fly"
"pidgeot","giga-impact"
"pidgeot","heat-wave"
"pidgeot","hurricane"
"pidgeot","hyper-beam"
"pidgeot","protect"
"pidgeot","quick-attack"
"pidgeot","rain-dance"
"pidgeot","rest"
"pidgeot","roost"
"pidgeot","round"
"pidgeot","sky-attack"
"pidgeot","sleep-talk"
"pidgeot","snore"
"pidgeot","steel-wing"
"pidgeot","substitute"
"pidgeot","sunny-day"
"pidgeot","tailwind"
"pidgeot","thief"
"pidgeot","u-turn"
"pidgeot","uproar"
"pidgeot","whirlwind"
"pikachu","agility"
"pikachu","alluring-voice"
"pikachu","body-slam"
"pikachu","brick-break"
"pikachu","charge"
"pikachu","charge-beam"
"pikachu","charm"
"pikachu","dig"
"pikachu","discharge"
"pikachu","double-team"
"pikachu","draining-kiss"
"pikachu","eerie-impulse"
"pikachu","electric-terrain"
"pikachu","electro-ball"
"pikachu","electroweb"
"pikachu","encore"
"pikachu","endeavor"
"pikachu","endure"
"pikachu","facade"
"pikachu","fake-out"
"pikachu","fake-tears"
"pikachu","feint"
"pikachu","flail"
"pikachu","fling"
"pikachu","focus-punch"
"pikachu","grass-knot"
"pikachu","helping-hand"
"pikachu","iron-tail"
"pikachu","knock-off"
"pikachu","light-screen"
"pikachu","mega-kick"
"pikachu","nasty-plot"
"pikachu","nuzzle"
"pikachu","play-rough"
"pikachu","protect"
"pikachu","quick-attack"
"pikachu","rain-dance"
"pikachu","reflect"
"pikachu","rest"
"pikachu","reversal"
"pikachu","rising-voltage"
"pikachu","round"
"pikachu","sleep-talk"
"pikachu","snore"
"pikachu","substitute"
"pikachu","surf"
"pikachu","sweet-kiss"
"pikachu","thief"
"pikachu","thunder"
"pikachu","thunder-punch"
"pikachu","thunder-wave"
"pikachu","thunderbolt"
"pikachu","tickle"
"pikachu","trailblaze"
"pikachu","upper-hand"
"pikachu","volt-switch"
"pikachu","volt-tackle"
"pikachu","wild-charge"
"pikachu","wish"
"pikachu","zap-cannon"
"pinsir","aerial-ace"
"pinsir","attract"
"pinsir","bind"
"pinsir","body-slam"
"pinsir","brick-break"
"pinsir","brutal-swing"
"pinsir","bug-bite"
"pinsir","bulk-up"
"pinsir","bulldoze"
"pinsir","circle-throw"
"pinsir","close-combat"
"pinsir","detect"
"pinsir","dig"
"pinsir","double-hit"
"pinsir","earthquake"
"pinsir","endure"
"pinsir","facade"
"pinsir","feint"
"pinsir","flail"
"pinsir","fling"
"pinsir","focus-blast"
"pinsir","focus-energy"
"pinsir","giga-impact"
"pinsir","guillotine"
"pinsir","hard-press"
"pinsir","helping-hand"
"pinsir","high-horsepower"
"pinsir","hyper-beam"
"pinsir","iron-defense"
"pinsir","lunge"
"pinsir","pounce"
"pinsir","protect"
"pinsir","quick-attack"
"pinsir","rain-dance"
"pinsir","rest"
"pinsir","reversal"
"pinsir","rock-slide"
"pinsir","rock-tomb"
"pinsir","round"
"pinsir","seismic-toss"
"pinsir","sleep-talk"
"pinsir","snore"
"pinsir","stealth-rock"
"pinsir","stone-edge"
"pinsir","storm-throw"
"pinsir","substitute"
"pinsir","sunny-day"
"pinsir","superpower"
"pinsir","swords-dance"
"pinsir","thief"
"pinsir","thrash"
"pinsir","throat-chop"
"pinsir","x-scissor"
"politoed","amnesia"
"politoed","attract"
"politoed","belly-drum"
"politoed","blizzard"
"politoed","body-slam"
"politoed","bounce"
"politoed","brick-break"
"politoed","bulldoze"
"politoed","chilling-water"
"politoed","dig"
"politoed","dive"
"politoed","double-edge"
"politoed","earth-power"
"politoed","earthquake"
"politoed","encore"
"politoed","endeavor"
"politoed","endure"
"politoed","facade"
"politoed","fling"
"politoed","focus-blast"
"politoed","focus-punch"
"politoed","giga-impact"
"politoed","haze"
"politoed","helping-hand"
"politoed","hydro-pump"
"politoed","hyper-beam"
"politoed","hyper-voice"
"politoed","hypnosis"
"politoed","ice-beam"
"politoed","ice-punch"
"politoed","icy-wind"
"politoed","liquidation"
"politoed","low-kick"
"politoed","low-sweep"
"politoed","mud-shot"
"politoed","mud-slap"
"politoed","muddy-water"
"politoed","perish-song"
"politoed","pound"
"politoed","protect"
"politoed","psych-up"
"politoed","psychic"
"politoed","rain-dance"
"politoed","rest"
"politoed","round"
"politoed","screech"
"politoed","sleep-talk"
"politoed","snore"
"politoed","substitute"
"politoed","surf"
"politoed","swagger"
"politoed","thief"
"politoed","uproar"
"politoed","water-pulse"
"politoed","waterfall"
"politoed","weather-ball"
"politoed","whirlpool"
"polteageist","ally-switch"
"polteageist","aromatic-mist"
"polteageist","baton-pass"
"polteageist","calm-mind"
"polteageist","confuse-ray"
"polteageist","curse"
"polteageist","dark-pulse"
"polteageist","endure"
"polteageist","facade"
"polteageist","foul-play"
"polteageist","giga-drain"
"polteageist","giga-impact"
"polteageist","hex"
"polteageist","hyper-beam"
"polteageist","imprison"
"polteageist","light-screen"
"polteageist","memento"
"polteageist","nasty-plot"
"polteageist","night-shade"
"polteageist","pain-split"
"polteageist","payback"
"polteageist","phantom-force"
"polteageist","poltergeist"
"polteageist","protect"
"polteageist","psychic"
"polteageist","psyshock"
"polteageist","reflect"
"polteageist","rest"
"polteageist","round"
"polteageist","self-destruct"
"polteageist","shadow-ball"
"polteageist","shell-smash"
"polteageist","skill-swap"
"polteageist","sleep-talk"
"polteageist","snore"
"polteageist","spite"
"polteageist","stored-power"
"polteageist","strength-sap"
"polteageist","substitute"
"polteageist","sucker-punch"
"polteageist","sweet-scent"
"polteageist","teatime"
"polteageist","trick"
"polteageist","trick-room"
"polteageist","will-o-wisp"
"polteageist","wonder-room"
"primarina","acrobatics"
"primarina","alluring-voice"
"primarina","amnesia"
"primarina","aqua-jet"
"primarina","aqua-ring"
"primarina","attract"
"primarina","baby-doll-eyes"
"primarina","blizzard"
"primarina","body-slam"
"primarina","calm-mind"
"primarina","charm"
"primarina","chilling-water"
"primarina","dazzling-gleam"
"primarina","dive"
"primarina","draining-kiss"
"primarina","encore"
"primarina","endure"
"primarina","energy-ball"
"primarina","facade"
"primarina","flip-turn"
"primarina","giga-impact"
"primarina","haze"
"primarina","helping-hand"
"primarina","hydro-cannon"
"primarina","hydro-pump"
"primarina","hyper-beam"
"primarina","hyper-voice"
"primarina","ice-beam"
"primarina","ice-spinner"
"primarina","icy-wind"
"primarina","iron-tail"
"primarina","life-dew"
"primarina","light-screen"
"primarina","liquidation"
"primarina","misty-explosion"
"primarina","misty-terrain"
"primarina","moonblast"
"primarina","perish-song"
"primarina","play-rough"
"primarina","protect"
"primarina","psych-up"
"primarina","psychic"
"primarina","psychic-noise"
"primarina","rain-dance"
"primarina","reflect"
"primarina","rest"
"primarina","round"
"primarina","shadow-ball"
"primarina","sing"
"primarina","sleep-talk"
"primarina","snore"
"primarina","snowscape"
"primarina","sparkling-aria"
"primarina","stored-power"
"primarina","substitute"
"primarina","surf"
"primarina","triple-axel"
"primarina","uproar"
"primarina","water-pulse"
"primarina","waterfall"
"primarina","weather-ball"
"primarina","whirlpool"
"primarina","wonder-room"
"quaquaval","acrobatics"
"quaquaval","aerial-ace"
"quaquaval","agility"
"quaquaval","air-cutter"
"quaquaval","air-slash"
"quaquaval","aqua-cutter"
"quaquaval","aqua-jet"
"quaquaval","aqua-step"
"quaquaval","baton-pass"
"quaquaval","brave-bird"
"quaquaval","brick-break"
"quaquaval","bulk-up"
"quaquaval","chilling-water"
"quaquaval","close-combat"
"quaquaval","coaching"
"quaquaval","counter"
"quaquaval","detect"
"quaquaval","double-hit"
"quaquaval","encore"
"quaquaval","endeavor"
"quaquaval","endure"
"quaquaval","facade"
"quaquaval","feather-dance"
"quaquaval","fling"
"quaquaval","flip-turn"
"quaquaval","focus-energy"
"quaquaval","giga-impact"
"quaquaval","helping-hand"
"quaquaval","hurricane"
"quaquaval","hydro-cannon"
"quaquaval","hydro-pump"
"quaquaval","hyper-beam"
"quaquaval","ice-spinner"
"quaquaval","icy-wind"
"quaquaval","knock-off"
"quaquaval","last-resort"
"quaquaval","liquidation"
"quaquaval","low-kick"
"quaquaval","low-sweep"
"quaquaval","mega-kick"
"quaquaval","misty-terrain"
"quaquaval","protect"
"quaquaval","psych-up"
"quaquaval","rain-dance"
"quaquaval","rapid-spin"
"quaquaval","rest"
"quaquaval","reversal"
"quaquaval","roost"
"quaquaval","sleep-talk"
"quaquaval","substitute"
"quaquaval","surf"
"quaquaval","swords-dance"
"quaquaval","taunt"
"quaquaval","triple-axel"
"quaquaval","u-turn"
"quaquaval","upper-hand"
"quaquaval","water-pulse"
"quaquaval","wave-crash"
"quaquaval","whirlpool"
"raichu","agility"
"raichu","alluring-voice"
"raichu","body-slam"
"raichu","brick-break"
"raichu","brutal-swing"
"raichu","charge"
"raichu","charge-beam"
"raichu","charm"
"raichu","dazzling-gleam"
"raichu","dig"
"raichu","discharge"
"raichu","double-team"
"raichu","drain-punch"
"raichu","draining-kiss"
"raichu","eerie-impulse"
"raichu","electric-terrain"
"raichu","electro-ball"
"raichu","electroweb"
"raichu","encore"
"raichu","endeavor"
"raichu","endure"
"raichu","facade"
"raichu","fake-out"
"raichu","fake-tears"
"raichu","feint"
"raichu","flail"
"raichu","fling"
"raichu","focus-blast"
"raichu","focus-punch"
"raichu","giga-impact"
"raichu","grass-knot"
"raichu","helping-hand"
"raichu","hyper-beam"
"raichu","iron-tail"
"raichu","knock-off"
"raichu","light-screen"
"raichu","mega-kick"
"raichu","nasty-plot"
"raichu","nuzzle"
"raichu","play-rough"
"raichu","protect"
"raichu","quick-attack"
"raichu","rain-dance"
"raichu","reflect"
"raichu","rest"
"raichu","reversal"
"raichu","rising-voltage"
"raichu","round"
"raichu","sleep-talk"
"raichu","snore"
"raichu","substitute"
"raichu","surf"
"raichu","sweet-kiss"
"raichu","thief"
"raichu","thunder"
"raichu","thunder-punch"
"raichu","thunder-wave"
"raichu","thunderbolt"
"raichu","tickle"
"raichu","trailblaze"
"raichu","upper-hand"
"raichu","volt-switch"
"raichu","volt-tackle"
"raichu","wild-charge"
"raichu","wish"
"raichu","zap-cannon"
"raichu-alola","agility"
"raichu-alola","alluring-voice"
"raichu-alola","body-slam"
"raichu-alola","brick-break"
"raichu-alola","calm-mind"
"raichu-alola","charge"
"raichu-alola","charge-beam"
"raichu-alola","charm"
"raichu-alola","dazzling-gleam"
"raichu-alola","dig"
"raichu-alola","discharge"
"raichu-alola","double-team"
"raichu-alola","draining-kiss"
"raichu-alola","eerie-impulse"
"raichu-alola","electric-terrain"
"raichu-alola","electro-ball"
"raichu-alola","electroweb"
"raichu-alola","encore"
"raichu-alola","endeavor"
"raichu-alola","endure"
"raichu-alola","expanding-force"
"raichu-alola","facade"
"raichu-alola","fake-out"
"raichu-alola","fake-tears"
"raichu-alola","feint"
"raichu-alola","flail"
"raichu-alola","fling"
"raichu-alola","focus-blast"
"raichu-alola","focus-punch"
"raichu-alola","giga-impact"
"raichu-alola","grass-knot"
"raichu-alola","helping-hand"
"raichu-alola","hyper-beam"
"raichu-alola","iron-tail"
"raichu-alola","knock-off"
"raichu-alola","light-screen"
"raichu-alola","magic-room"
"raichu-alola","mega-kick"
"raichu-alola","nasty-plot"
"raichu-alola","nuzzle"
"raichu-alola","play-rough"
"raichu-alola","protect"
"raichu-alola","psychic"
"raichu-alola","psychic-noise"
"raichu-alola","psychic-terrain"
"raichu-alola","psyshock"
"raichu-alola","quick-attack"
"raichu-alola","rain-dance"
"raichu-alola","reflect"
"raichu-alola","rest"
"raichu-alola","reversal"
"raichu-alola","rising-voltage"
"raichu-alola","round"
"raichu-alola","skill-swap"
"raichu-alola","sleep-talk"
"raichu-alola","snore"
"raichu-alola","speed-swap"
"raichu-alola","stored-power"
"raichu-alola","substitute"
"raichu-alola","surf"
"raichu-alola","sweet-kiss"
"raichu-alola","thief"
"raichu-alola","thunder"
"raichu-alola","thunder-punch"
"raichu-alola","thunder-wave"
"raichu-alola","thunderbolt"
"raichu-alola","tickle"
"raichu-alola","trailblaze"
"raichu-alola","upper-hand"
"raichu-alola","volt-switch"
"raichu-alola","volt-tackle"
"raichu-alola","wild-charge"
"raichu-alola","wish"
"raichu-alola","zap-cannon"
"rampardos","ancient-power"
"rampardos","assurance"
"rampardos","attract"
"rampardos","avalanche"
"rampardos","blizzard"
"rampardos","body-press"
"rampardos","body-slam"
"rampardos","breaking-swipe"
"rampardos","brick-break"
"rampardos","bulldoze"
"rampardos","crunch"
"rampardos","curse"
"rampardos","dig"
"rampardos","double-edge"
"rampardos","dragon-cheer"
"rampardos","dragon-claw"
"rampardos","dragon-pulse"
"rampardos","dragon-tail"
"rampardos","earth-power"
"rampardos","earthquake"
"rampardos","endeavor"
"rampardos","endure"
"rampardos","facade"
"rampardos","fire-blast"
"rampardos","fire-punch"
"rampardos","flamethrower"
"rampardos","fling"
"rampardos","focus-blast"
"rampardos","focus-energy"
"rampardos","focus-punch"
"rampardos","giga-impact"
"rampardos","hammer-arm"
"rampardos","head-smash"
"rampardos","heavy-slam"
"rampardos","hyper-beam"
"rampardos","ice-beam"
"rampardos","iron-head"
"rampardos","iron-tail"
"rampardos","meteor-beam"
"rampardos","mud-slap"
"rampardos","outrage"
"rampardos","payback"
"rampardos","protect"
"rampardos","rain-dance"
"rampardos","rest"
"rampardos","roar"
"rampardos","rock-blast"
"rampardos","rock-slide"
"rampardos","rock-tomb"
"rampardos","round"
"rampardos","sandstorm"
"rampardos","scary-face"
"rampardos","screech"
"rampardos","sleep-talk"
"rampardos","smack-down"
"rampardos","snore"
"rampardos","stealth-rock"
"rampardos","stomping-tantrum"
"rampardos","stone-edge"
"rampardos","substitute"
"rampardos","sunny-day"
"rampardos","supercell-slam"
"rampardos","superpower"
"rampardos","surf"
"rampardos","swords-dance"
"rampardos","thief"
"rampardos","thrash"
"rampardos","thunder"
"rampardos","thunder-punch"
"rampardos","thunderbolt"
"rampardos","trailblaze"
"rampardos","uproar"
"rampardos","whirlwind"
"rampardos","zen-headbutt"
"reuniclus","acid-armor"
"reuniclus","ally-switch"
"reuniclus","attract"
"reuniclus","body-slam"
"reuniclus","calm-mind"
"reuniclus","charm"
"reuniclus","confuse-ray"
"reuniclus","drain-punch"
"reuniclus","encore"
"reuniclus","endeavor"
"reuniclus","endure"
"reuniclus","energy-ball"
"reuniclus","expanding-force"
"reuniclus","facade"
"reuniclus","fire-punch"
"reuniclus","flash-cannon"
"reuniclus","fling"
"reuniclus","focus-blast"
"reuniclus","focus-punch"
"reuniclus","future-sight"
"reuniclus","giga-impact"
"reuniclus","grass-knot"
"reuniclus","gravity"
"reuniclus","guard-swap"
"reuniclus","gyro-ball"
"reuniclus","hammer-arm"
"reuniclus","helping-hand"
"reuniclus","hyper-beam"
"reuniclus","ice-punch"
"reuniclus","imprison"
"reuniclus","iron-defense"
"reuniclus","knock-off"
"reuniclus","light-screen"
"reuniclus","night-shade"
"reuniclus","pain-split"
"reuniclus","power-swap"
"reuniclus","protect"
"reuniclus","psych-up"
"reuniclus","psychic"
"reuniclus","psychic-noise"
"reuniclus","psychic-terrain"
"reuniclus","psyshock"
"reuniclus","rain-dance"
"reuniclus","recover"
"reuniclus","reflect"
"reuniclus","rest"
"reuniclus","rock-slide"
"reuniclus","rock-tomb"
"reuniclus","round"
"reuniclus","safeguard"
"reuniclus","shadow-ball"
"reuniclus","skill-swap"
"reuniclus","sleep-talk"
"reuniclus","snore"
"reuniclus","steel-roller"
"reuniclus","stored-power"
"reuniclus","substitute"
"reuniclus","sunny-day"
"reuniclus","superpower"
"reuniclus","thunder"
"reuniclus","thunder-punch"
"reuniclus","thunder-wave"
"reuniclus","trick"
"reuniclus","trick-room"
"reuniclus","wonder-room"
"reuniclus","zen-headbutt"
"rhyperior","avalanche"
"rhyperior","blizzard"
"rhyperior","body-press"
"rhyperior","body-slam"
"rhyperior","breaking-swipe"
"rhyperior","brick-break"
"rhyperior","brutal-swing"
"rhyperior","bulldoze"
"rhyperior","counter"
"rhyperior","crunch"
"rhyperior","curse"
"rhyperior","dig"
"rhyperior","double-edge"
"rhyperior","dragon-pulse"
"rhyperior","dragon-rush"
"rhyperior","dragon-tail"
"rhyperior","drill-run"
"rhyperior","earth-power"
"rhyperior","earthquake"
"rhyperior","endeavor"
"rhyperior","endure"
"rhyperior","facade"
"rhyperior","fire-blast"
"rhyperior","fire-fang"
"rhyperior","fire-punch"
"rhyperior","flamethrower"
"rhyperior","flash-cannon"
"rhyperior","fling"
"rhyperior","focus-blast"
"rhyperior","focus-punch"
"rhyperior","giga-impact"
"rhyperior","guard-split"
"rhyperior","hammer-arm"
"rhyperior","heat-crash"
"rhyperior","heavy-slam"
"rhyperior","helping-hand"
"rhyperior","high-horsepower"
"rhyperior","horn-drill"
"rhyperior","hydro-pump"
"rhyperior","hyper-beam"
"rhyperior","ice-beam"
"rhyperior","ice-fang"
"rhyperior","ice-punch"
"rhyperior","icy-wind"
"rhyperior","iron-defense"
"rhyperior","iron-head"
"rhyperior","iron-tail"
"rhyperior","mega-kick"
"rhyperior","megahorn"
"rhyperior","metal-burst"
"rhyperior","meteor-beam"
"rhyperior","mud-shot"
"rhyperior","mud-slap"
"rhyperior","outrage"
"rhyperior","payback"
"rhyperior","poison-jab"
"rhyperior","protect"
"rhyperior","rain-dance"
"rhyperior","rest"
"rhyperior","reversal"
"rhyperior","roar"
"rhyperior","rock-blast"
"rhyperior","rock-polish"
"rhyperior","rock-slide"
"rhyperior","rock-tomb"
"rhyperior","rock-wrecker"
"rhyperior","round"
"rhyperior","sandstorm"
"rhyperior","scary-face"
"rhyperior","scorching-sands"
"rhyperior","shadow-claw"
"rhyperior","sleep-talk"
"rhyperior","smack-down"
"rhyperior","smart-strike"
"rhyperior","snore"
"rhyperior","stealth-rock"
"rhyperior","stomping-tantrum"
"rhyperior","stone-edge"
"rhyperior","substitute"
"rhyperior","sunny-day"
"rhyperior","supercell-slam"
"rhyperior","superpower"
"rhyperior","surf"
"rhyperior","swords-dance"
"rhyperior","temper-flare"
"rhyperior","thief"
"rhyperior","thunder"
"rhyperior","thunder-fang"
"rhyperior","thunder-punch"
"rhyperior","thunderbolt"
"rhyperior","uproar"
"roserade","attract"
"roserade","body-slam"
"roserade","bullet-seed"
"roserade","charm"
"roserade","cotton-spore"
"roserade","dazzling-gleam"
"roserade","endure"
"roserade","energy-ball"
"roserade","extrasensory"
"roserade","facade"
"roserade","giga-drain"
"roserade","giga-impact"
"roserade","grass-knot"
"roserade","grassy-glide"
"roserade","grassy-terrain"
"roserade","growth"
"roserade","hyper-beam"
"roserade","ingrain"
"roserade","leaf-storm"
"roserade","leech-seed"
"roserade","life-dew"
"roserade","petal-blizzard"
"roserade","petal-dance"
"roserade","pin-missile"
"roserade","poison-jab"
"roserade","power-whip"
"roserade","protect"
"roserade","rain-dance"
"roserade","rest"
"roserade","round"
"roserade","seed-bomb"
"roserade","shadow-ball"
"roserade","sleep-powder"
"roserade","sleep-talk"
"roserade","sludge-bomb"
"roserade","snore"
"roserade","solar-beam"
"roserade","spikes"
"roserade","stun-spore"
"roserade","substitute"
"roserade","sunny-day"
"roserade","sweet-scent"
"roserade","swords-dance"
"roserade","synthesis"
"roserade","toxic"
"roserade","toxic-spikes"
"roserade","trailblaze"
"roserade","uproar"
"roserade","venoshock"
"roserade","weather-ball"
"roserade","worry-seed"
"rotom","air-slash"
"rotom","blizzard"
"rotom","charge"
"rotom","charge-beam"
"rotom","confuse-ray"
"rotom","dark-pulse"
"rotom","discharge"
"rotom","double-team"
"rotom","eerie-impulse"
"rotom","electric-terrain"
"rotom","electro-ball"
"rotom","electroweb"
"rotom","endure"
"rotom","facade"
"rotom","foul-play"
"rotom","helping-hand"
"rotom","hex"
"rotom","hydro-pump"
"rotom","hyper-voice"
"rotom","leaf-storm"
"rotom","light-screen"
"rotom","nasty-plot"
"rotom","night-shade"
"rotom","overheat"
"rotom","pain-split"
"rotom","poltergeist"
"rotom","protect"
"rotom","rain-dance"
"rotom","reflect"
"rotom","rest"
"rotom","rising-voltage"
"rotom","round"
"rotom","shadow-ball"
"rotom","sleep-talk"
"rotom","snore"
"rotom","spite"
"rotom","stored-power"
"rotom","substitute"
"rotom","sunny-day"
"rotom","thief"
"rotom","thunder"
"rotom","thunder-wave"
"rotom","thunderbolt"
"rotom","trick"
"rotom","uproar"
"rotom","volt-switch"
"rotom","will-o-wisp"
"runerigus","ally-switch"
"runerigus","amnesia"
"runerigus","attract"
"runerigus","body-press"
"runerigus","brutal-swing"
"runerigus","bulldoze"
"runerigus","calm-mind"
"runerigus","confuse-ray"
"runerigus","curse"
"runerigus","dark-pulse"
"runerigus","destiny-bond"
"runerigus","disable"
"runerigus","dragon-pulse"
"runerigus","earth-power"
"runerigus","earthquake"
"runerigus","endure"
"runerigus","energy-ball"
"runerigus","facade"
"runerigus","fake-tears"
"runerigus","giga-drain"
"runerigus","giga-impact"
"runerigus","grass-knot"
"runerigus","guard-split"
"runerigus","guard-swap"
"runerigus","haze"
"runerigus","hex"
"runerigus","hyper-beam"
"runerigus","imprison"
"runerigus","iron-defense"
"runerigus","mean-look"
"runerigus","memento"
"runerigus","nasty-plot"
"runerigus","night-shade"
"runerigus","payback"
"runerigus","phantom-force"
"runerigus","poltergeist"
"runerigus","power-split"
"runerigus","power-swap"
"runerigus","protect"
"runerigus","psychic"
"runerigus","psyshock"
"runerigus","rain-dance"
"runerigus","rest"
"runerigus","rock-blast"
"runerigus","rock-slide"
"runerigus","rock-tomb"
"runerigus","round"
"runerigus","safeguard"
"runerigus","sand-tomb"
"runerigus","sandstorm"
"runerigus","scary-face"
"runerigus","self-destruct"
"runerigus","shadow-ball"
"runerigus","shadow-claw"
"runerigus","shadow-punch"
"runerigus","skill-swap"
"runerigus","sleep-talk"
"runerigus","snore"
"runerigus","stealth-rock"
"runerigus","stone-edge"
"runerigus","substitute"
"runerigus","taunt"
"runerigus","thief"
"runerigus","toxic-spikes"
"runerigus","trick"
"runerigus","trick-room"
"runerigus","will-o-wisp"
"runerigus","wonder-room"
"runerigus","zen-headbutt"
"sableye","aerial-ace"
"sableye","body-slam"
"sableye","brick-break"
"sableye","bulk-up"
"sableye","calm-mind"
"sableye","confuse-ray"
"sableye","dark-pulse"
"sableye","dazzling-gleam"
"sableye","detect"
"sableye","dig"
"sableye","disable"
"sableye","drain-punch"
"sableye","encore"
"sableye","endure"
"sableye","energy-ball"
"sableye","facade"
"sableye","fake-out"
"sableye","feint"
"sableye","fire-punch"
"sableye","flatter"
"sableye","fling"
"sableye","focus-punch"
"sableye","foul-play"
"sableye","giga-drain"
"sableye","giga-impact"
"sableye","gravity"
"sableye","gyro-ball"
"sableye","helping-hand"
"sableye","hex"
"sableye","hyper-beam"
"sableye","ice-punch"
"sableye","icy-wind"
"sableye","imprison"
"sableye","knock-off"
"sableye","lash-out"
"sableye","light-screen"
"sableye","low-kick"
"sableye","low-sweep"
"sableye","mean-look"
"sableye","mega-kick"
"sableye","metal-burst"
"sableye","mud-shot"
"sableye","mud-slap"
"sableye","nasty-plot"
"sableye","night-shade"
"sableye","night-slash"
"sableye","pain-split"
"sableye","payback"
"sableye","phantom-force"
"sableye","poison-jab"
"sableye","poltergeist"
"sableye","power-gem"
"sableye","protect"
"sableye","psych-up"
"sableye","psychic"
"sableye","quash"
"sableye","rain-dance"
"sableye","recover"
"sableye","reflect"
"sableye","rest"
"sableye","rock-tomb"
"sableye","round"
"sableye","safeguard"
"sableye","shadow-ball"
"sableye","shadow-claw"
"sableye","shadow-punch"
"sableye","shadow-sneak"
"sableye","skill-swap"
"sableye","skitter-smack"
"sableye","sleep-talk"
"sableye","snarl"
"sableye","snore"
"sableye","spite"
"sableye","substitute"
"sableye","sucker-punch"
"sableye","sunny-day"
"sableye","swagger"
"sableye","taunt"
"sableye","thief"
"sableye","throat-chop"
"sableye","thunder-punch"
"sableye","thunder-wave"
"sableye","torment"
"sableye","trick"
"sableye","will-o-wisp"
"sableye","wonder-room"
"sableye","x-scissor"
"sableye","zen-headbutt"
"salazzle","acid-spray"
"salazzle","acrobatics"
"salazzle","agility"
"salazzle","beat-up"
"salazzle","belch"
"salazzle","body-slam"
"salazzle","breaking-swipe"
"salazzle","burning-jealousy"
"salazzle","corrosive-gas"
"salazzle","cross-poison"
"salazzle","disable"
"salazzle","dragon-cheer"
"salazzle","dragon-claw"
"salazzle","dragon-dance"
"salazzle","dragon-pulse"
"salazzle","dragon-tail"
"salazzle","encore"
"salazzle","endeavor"
"salazzle","endure"
"salazzle","facade"
"salazzle","fake-out"
"salazzle","fake-tears"
"salazzle","fire-blast"
"salazzle","fire-fang"
"salazzle","fire-lash"
"salazzle","flame-charge"
"salazzle","flamethrower"
"salazzle","flare-blitz"
"salazzle","fling"
"salazzle","foul-play"
"salazzle","giga-impact"
"salazzle","gunk-shot"
"salazzle","heat-wave"
"salazzle","helping-hand"
"salazzle","hyper-beam"
"salazzle","hyper-voice"
"salazzle","iron-tail"
"salazzle","knock-off"
"salazzle","leech-life"
"salazzle","mud-slap"
"salazzle","nasty-plot"
"salazzle","overheat"
"salazzle","payback"
"salazzle","poison-fang"
"salazzle","poison-jab"
"salazzle","protect"
"salazzle","rest"
"salazzle","round"
"salazzle","scale-shot"
"salazzle","scary-face"
"salazzle","shadow-claw"
"salazzle","skitter-smack"
"salazzle","sleep-talk"
"salazzle","sludge-bomb"
"salazzle","sludge-wave"
"salazzle","snore"
"salazzle","substitute"
"salazzle","sunny-day"
"salazzle","swagger"
"salazzle","sweet-scent"
"salazzle","taunt"
"salazzle","temper-flare"
"salazzle","thief"
"salazzle","thunder-wave"
"salazzle","torment"
"salazzle","toxic"
"salazzle","toxic-spikes"
"salazzle","trailblaze"
"salazzle","venoshock"
"salazzle","will-o-wisp"
"samurott","aerial-ace"
"samurott","air-slash"
"samurott","aqua-cutter"
"samurott","aqua-jet"
"samurott","aqua-tail"
"samurott","assurance"
"samurott","avalanche"
"samurott","blizzard"
"samurott","body-slam"
"samurott","brick-break"
"samurott","bulldoze"
"samurott","chilling-water"
"samurott","copycat"
"samurott","detect"
"samurott","dig"
"samurott","dive"
"samurott","drill-run"
"samurott","encore"
"samurott","endure"
"samurott","facade"
"samurott","fling"
"samurott","flip-turn"
"samurott","focus-energy"
"samurott","giga-impact"
"samurott","grass-knot"
"samurott","helping-hand"
"samurott","hydro-cannon"
"samurott","hydro-pump"
"samurott","hyper-beam"
"samurott","ice-beam"
"samurott","icy-wind"
"samurott","iron-tail"
"samurott","knock-off"
"samurott","liquidation"
"samurott","megahorn"
"samurott","night-slash"
"samurott","protect"
"samurott","rain-dance"
"samurott","razor-shell"
"samurott","rest"
"samurott","round"
"samurott","sacred-sword"
"samurott","scary-face"
"samurott","screech"
"samurott","sleep-talk"
"samurott","smart-strike"
"samurott","snore"
"samurott","snowscape"
"samurott","soak"
"samurott","substitute"
"samurott","superpower"
"samurott","surf"
"samurott","swords-dance"
"samurott","taunt"
"samurott","thief"
"samurott","upper-hand"
"samurott","vacuum-wave"
"samurott","water-pulse"
"samurott","waterfall"
"samurott","whirlpool"
"samurott","x-scissor"
"samurott-hisui","aerial-ace"
"samurott-hisui","air-slash"
"samurott-hisui","aqua-cutter"
"samurott-hisui","aqua-jet"
"samurott-hisui","aqua-tail"
"samurott-hisui","assurance"
"samurott-hisui","avalanche"
"samurott-hisui","blizzard"
"samurott-hisui","body-slam"
"samurott-hisui","brick-break"
"samurott-hisui","bulldoze"
"samurott-hisui","ceaseless-edge"
"samurott-hisui","chilling-water"
"samurott-hisui","copycat"
"samurott-hisui","dark-pulse"
"samurott-hisui","detect"
"samurott-hisui","dig"
"samurott-hisui","dive"
"samurott-hisui","drill-run"
"samurott-hisui","encore"
"samurott-hisui","endure"
"samurott-hisui","facade"
"samurott-hisui","fling"
"samurott-hisui","flip-turn"
"samurott-hisui","focus-energy"
"samurott-hisui","giga-impact"
"samurott-hisui","grass-knot"
"samurott-hisui","helping-hand"
"samurott-hisui","hydro-cannon"
"samurott-hisui","hydro-pump"
"samurott-hisui","hyper-beam"
"samurott-hisui","ice-beam"
"samurott-hisui","icy-wind"
"samurott-hisui","iron-tail"
"samurott-hisui","knock-off"
"samurott-hisui","lash-out"
"samurott-hisui","liquidation"
"samurott-hisui","megahorn"
"samurott-hisui","night-slash"
"samurott-hisui","protect"
"samurott-hisui","rain-dance"
"samurott-hisui","razor-shell"
"samurott-hisui","rest"
"samurott-hisui","round"
"samurott-hisui","sacred-sword"
"samurott-hisui","scary-face"
"samurott-hisui","screech"
"samurott-hisui","sleep-talk"
"samurott-hisui","smart-strike"
"samurott-hisui","snarl"
"samurott-hisui","snore"
"samurott-hisui","snowscape"
"samurott-hisui","soak"
"samurott-hisui","substitute"
"samurott-hisui","sucker-punch"
"samurott-hisui","superpower"
"samurott-hisui","surf"
"samurott-hisui","swords-dance"
"samurott-hisui","taunt"
"samurott-hisui","thief"
"samurott-hisui","throat-chop"
"samurott-hisui","upper-hand"
"samurott-hisui","vacuum-wave"
"samurott-hisui","water-pulse"
"samurott-hisui","waterfall"
"samurott-hisui","whirlpool"
"samurott-hisui","x-scissor"
"sandaconda","belch"
"sandaconda","body-press"
"sandaconda","body-slam"
"sandaconda","brutal-swing"
"sandaconda","bulldoze"
"sandaconda","coil"
"sandaconda","dig"
"sandaconda","dragon-rush"
"sandaconda","drill-run"
"sandaconda","earth-power"
"sandaconda","earthquake"
"sandaconda","endeavor"
"sandaconda","endure"
"sandaconda","facade"
"sandaconda","fire-fang"
"sandaconda","giga-impact"
"sandaconda","glare"
"sandaconda","high-horsepower"
"sandaconda","hurricane"
"sandaconda","hyper-beam"
"sandaconda","iron-defense"
"sandaconda","iron-head"
"sandaconda","last-resort"
"sandaconda","minimize"
"sandaconda","mud-shot"
"sandaconda","mud-slap"
"sandaconda","outrage"
"sandaconda","protect"
"sandaconda","rest"
"sandaconda","rock-blast"
"sandaconda","rock-slide"
"sandaconda","rock-tomb"
"sandaconda","round"
"sandaconda","sand-tomb"
"sandaconda","sandstorm"
"sandaconda","scale-shot"
"sandaconda","scary-face"
"sandaconda","scorching-sands"
"sandaconda","screech"
"sandaconda","skitter-smack"
"sandaconda","sleep-talk"
"sandaconda","snore"
"sandaconda","stealth-rock"
"sandaconda","stone-edge"
"sandaconda","substitute"
"sandaconda","thunder-fang"
"sandaconda","wrap"
"sandaconda","zen-headbutt"
"scizor","acrobatics"
"scizor","aerial-ace"
"scizor","agility"
"scizor","air-cutter"
"scizor","air-slash"
"scizor","assurance"
"scizor","baton-pass"
"scizor","brick-break"
"scizor","brutal-swing"
"scizor","bug-bite"
"scizor","bug-buzz"
"scizor","bullet-punch"
"scizor","close-combat"
"scizor","counter"
"scizor","curse"
"scizor","defog"
"scizor","double-edge"
"scizor","double-hit"
"scizor","double-team"
"scizor","dual-wingbeat"
"scizor","endure"
"scizor","facade"
"scizor","feint"
"scizor","flash-cannon"
"scizor","fling"
"scizor","focus-energy"
"scizor","giga-impact"
"scizor","hard-press"
"scizor","helping-hand"
"scizor","hyper-beam"
"scizor","iron-defense"
"scizor","iron-head"
"scizor","knock-off"
"scizor","light-screen"
"scizor","lunge"
"scizor","night-slash"
"scizor","pounce"
"scizor","protect"
"scizor","psycho-cut"
"scizor","quick-attack"
"scizor","quick-guard"
"scizor","rain-dance"
"scizor","rest"
"scizor","reversal"
"scizor","roost"
"scizor","round"
"scizor","sandstorm"
"scizor","scary-face"
"scizor","skitter-smack"
"scizor","sleep-talk"
"scizor","snore"
"scizor","steel-beam"
"scizor","steel-wing"
"scizor","struggle-bug"
"scizor","substitute"
"scizor","sunny-day"
"scizor","superpower"
"scizor","swords-dance"
"scizor","tailwind"
"scizor","thief"
"scizor","trailblaze"
"scizor","u-turn"
"scizor","vacuum-wave"
"scizor","x-scissor"
"scovillain","bite"
"scovillain","bullet-seed"
"scovillain","burning-jealousy"
"scovillain","crunch"
"scovillain","double-hit"
"scovillain","endeavor"
"scovillain","endure"
"scovillain","energy-ball"
"scovillain","facade"
"scovillain","fire-blast"
"scovillain","fire-fang"
"scovillain","fire-spin"
"scovillain","flamethrower"
"scovillain","flare-blitz"
"scovillain","giga-drain"
"scovillain","giga-impact"
"scovillain","grass-knot"
"scovillain","grassy-glide"
"scovillain","grassy-terrain"
"scovillain","growth"
"scovillain","helping-hand"
"scovillain","hyper-beam"
"scovillain","ingrain"
"scovillain","lash-out"
"scovillain","leaf-storm"
"scovillain","leech-seed"
"scovillain","overheat"
"scovillain","protect"
"scovillain","rage-powder"
"scovillain","rest"
"scovillain","sandstorm"
"scovillain","scary-face"
"scovillain","seed-bomb"
"scovillain","sleep-talk"
"scovillain","solar-beam"
"scovillain","spicy-extract"
"scovillain","stomping-tantrum"
"scovillain","substitute"
"scovillain","sunny-day"
"scovillain","super-fang"
"scovillain","swagger"
"scovillain","temper-flare"
"scovillain","thief"
"scovillain","thunder-fang"
"scovillain","trailblaze"
"scovillain","will-o-wisp"
"scovillain","worry-seed"
"scovillain","zen-headbutt"
"serperior","aerial-ace"
"serperior","attract"
"serperior","body-slam"
"serperior","breaking-swipe"
"serperior","brutal-swing"
"serperior","bullet-seed"
"serperior","calm-mind"
"serperior","coil"
"serperior","double-edge"
"serperior","dragon-pulse"
"serperior","dragon-tail"
"serperior","endure"
"serperior","energy-ball"
"serperior","facade"
"serperior","frenzy-plant"
"serperior","gastro-acid"
"serperior","giga-drain"
"serperior","giga-impact"
"serperior","glare"
"serperior","grass-knot"
"serperior","grassy-glide"
"serperior","grassy-terrain"
"serperior","growth"
"serperior","helping-hand"
"serperior","hyper-beam"
"serperior","iron-tail"
"serperior","knock-off"
"serperior","leaf-blade"
"serperior","leaf-storm"
"serperior","leech-seed"
"serperior","light-screen"
"serperior","mean-look"
"serperior","mirror-coat"
"serperior","outrage"
"serperior","petal-blizzard"
"serperior","protect"
"serperior","reflect"
"serperior","rest"
"serperior","round"
"serperior","scale-shot"
"serperior","scary-face"
"serperior","seed-bomb"
"serperior","sleep-talk"
"serperior","snore"
"serperior","solar-beam"
"serperior","substitute"
"serperior","sunny-day"
"serperior","sweet-scent"
"serperior","swords-dance"
"serperior","synthesis"
"serperior","taunt"
"serperior","trailblaze"
"serperior","wrap"
"sharpedo","agility"
"sharpedo","ancient-power"
"sharpedo","aqua-jet"
"sharpedo","assurance"
"sharpedo","attract"
"sharpedo","avalanche"
"sharpedo","bite"
"sharpedo","blizzard"
"sharpedo","bounce"
"sharpedo","bulldoze"
"sharpedo","chilling-water"
"sharpedo","close-combat"
"sharpedo","crunch"
"sharpedo","dark-pulse"
"sharpedo","destiny-bond"
"sharpedo","dive"
"sharpedo","double-edge"
"sharpedo","earthquake"
"sharpedo","endure"
"sharpedo","facade"
"sharpedo","flip-turn"
"sharpedo","focus-energy"
"sharpedo","giga-impact"
"sharpedo","hydro-pump"
"sharpedo","hyper-beam"
"sharpedo","ice-beam"
"sharpedo","ice-fang"
"sharpedo","icy-wind"
"sharpedo","liquidation"
"sharpedo","night-slash"
"sharpedo","payback"
"sharpedo","poison-fang"
"sharpedo","poison-jab"
"sharpedo","protect"
"sharpedo","psychic-fangs"
"sharpedo","rain-dance"
"sharpedo","rest"
"sharpedo","rock-tomb"
"sharpedo","round"
"sharpedo","scald"
"sharpedo","scale-shot"
"sharpedo","scary-face"
"sharpedo","screech"
"sharpedo","sleep-talk"
"sharpedo","snarl"
"sharpedo","snore"
"sharpedo","substitute"
"sharpedo","surf"
"sharpedo","swagger"
"sharpedo","taunt"
"sharpedo","thief"
"sharpedo","thrash"
"sharpedo","uproar"
"sharpedo","water-pulse"
"sharpedo","waterfall"
"sharpedo","whirlpool"
"sharpedo","zen-headbutt"
"simipour","acrobatics"
"simipour","aqua-ring"
"simipour","attract"
"simipour","belch"
"simipour","bite"
"simipour","blizzard"
"simipour","brick-break"
"simipour","chilling-water"
"simipour","crunch"
"simipour","dig"
"simipour","dive"
"simipour","endure"
"simipour","facade"
"simipour","fake-out"
"simipour","fling"
"simipour","flip-turn"
"simipour","focus-blast"
"simipour","giga-impact"
"simipour","grass-knot"
"simipour","gunk-shot"
"simipour","helping-hand"
"simipour","hydro-pump"
"simipour","hyper-beam"
"simipour","ice-beam"
"simipour","ice-punch"
"simipour","icy-wind"
"simipour","iron-tail"
"simipour","liquidation"
"simipour","low-kick"
"simipour","low-sweep"
"simipour","nasty-plot"
"simipour","payback"
"simipour","protect"
"simipour","rain-dance"
"simipour","recycle"
"simipour","rest"
"simipour","rock-slide"
"simipour","rock-tomb"
"simipour","round"
"simipour","scald"
"simipour","shadow-claw"
"simipour","sleep-talk"
"simipour","snore"
"simipour","stuff-cheeks"
"simipour","substitute"
"simipour","superpower"
"simipour","surf"
"simipour","taunt"
"simipour","thief"
"simipour","throat-chop"
"simipour","uproar"
"simipour","waterfall"
"simisage","acrobatics"
"simisage","attract"
"simisage","belch"
"simisage","bite"
"simisage","brick-break"
"simisage","bullet-seed"
"simisage","crunch"
"simisage","dig"
"simisage","endure"
"simisage","energy-ball"
"simisage","facade"
"simisage","fake-out"
"simisage","fling"
"simisage","focus-blast"
"simisage","giga-drain"
"simisage","giga-impact"
"simisage","grass-knot"
"simisage","grassy-glide"
"simisage","gunk-shot"
"simisage","helping-hand"
"simisage","hyper-beam"
"simisage","iron-tail"
"simisage","leaf-storm"
"simisage","leech-seed"
"simisage","low-kick"
"simisage","low-sweep"
"simisage","nasty-plot"
"simisage","payback"
"simisage","protect"
"simisage","recycle"
"simisage","rest"
"simisage","rock-slide"
"simisage","rock-tomb"
"simisage","round"
"simisage","seed-bomb"
"simisage","shadow-claw"
"simisage","sleep-talk"
"simisage","snore"
"simisage","solar-beam"
"simisage","solar-blade"
"simisage","stuff-cheeks"
"simisage","substitute"
"simisage","sunny-day"
"simisage","superpower"
"simisage","taunt"
"simisage","thief"
"simisage","throat-chop"
"simisage","torment"
"simisage","trailblaze"
"simisage","uproar"
"simisear","acrobatics"
"simisear","amnesia"
"simisear","attract"
"simisear","belch"
"simisear","bite"
"simisear","blaze-kick"
"simisear","brick-break"
"simisear","burning-jealousy"
"simisear","crunch"
"simisear","dig"
"simisear","endure"
"simisear","facade"
"simisear","fake-out"
"simisear","fire-blast"
"simisear","fire-punch"
"simisear","fire-spin"
"simisear","flame-charge"
"simisear","flamethrower"
"simisear","flare-blitz"
"simisear","fling"
"simisear","focus-blast"
"simisear","giga-impact"
"simisear","grass-knot"
"simisear","gunk-shot"
"simisear","heat-wave"
"simisear","helping-hand"
"simisear","hyper-beam"
"simisear","iron-tail"
"simisear","low-kick"
"simisear","low-sweep"
"simisear","nasty-plot"
"simisear","overheat"
"simisear","payback"
"simisear","protect"
"simisear","recycle"
"simisear","rest"
"simisear","rock-slide"
"simisear","rock-tomb"
"simisear","round"
"simisear","scorching-sands"
"simisear","shadow-claw"
"simisear","sleep-talk"
"simisear","snore"
"simisear","solar-beam"
"simisear","stuff-cheeks"
"simisear","substitute"
"simisear","sunny-day"
"simisear","superpower"
"simisear","taunt"
"simisear","temper-flare"
"simisear","thief"
"simisear","throat-chop"
"simisear","uproar"
"simisear","will-o-wisp"
"simisear","yawn"
"sinistcha","calm-mind"
"sinistcha","curse"
"sinistcha","endure"
"sinistcha","energy-ball"
"sinistcha","foul-play"
"sinistcha","giga-drain"
"sinistcha","grassy-terrain"
"sinistcha","hex"
"sinistcha","hyper-beam"
"sinistcha","imprison"
"sinistcha","iron-defense"
"sinistcha","leaf-storm"
"sinistcha","life-dew"
"sinistcha","matcha-gotcha"
"sinistcha","memento"
"sinistcha","nasty-plot"
"sinistcha","night-shade"
"sinistcha","pain-split"
"sinistcha","phantom-force"
"sinistcha","poltergeist"
"sinistcha","protect"
"sinistcha","psych-up"
"sinistcha","rage-powder"
"sinistcha","reflect"
"sinistcha","rest"
"sinistcha","scald"
"sinistcha","shadow-ball"
"sinistcha","sleep-talk"
"sinistcha","solar-beam"
"sinistcha","spite"
"sinistcha","strength-sap"
"sinistcha","stun-spore"
"sinistcha","substitute"
"sinistcha","trick-room"
"sinistcha","uproar"
"skarmory","aerial-ace"
"skarmory","agility"
"skarmory","air-cutter"
"skarmory","air-slash"
"skarmory","assurance"
"skarmory","body-press"
"skarmory","brave-bird"
"skarmory","curse"
"skarmory","dark-pulse"
"skarmory","drill-peck"
"skarmory","drill-run"
"skarmory","dual-wingbeat"
"skarmory","endure"
"skarmory","facade"
"skarmory","feint"
"skarmory","flash-cannon"
"skarmory","fly"
"skarmory","giga-impact"
"skarmory","hurricane"
"skarmory","hyper-beam"
"skarmory","icy-wind"
"skarmory","iron-defense"
"skarmory","iron-head"
"skarmory","metal-sound"
"skarmory","night-slash"
"skarmory","payback"
"skarmory","protect"
"skarmory","rest"
"skarmory","reversal"
"skarmory","roar"
"skarmory","rock-slide"
"skarmory","rock-tomb"
"skarmory","roost"
"skarmory","round"
"skarmory","sand-tomb"
"skarmory","sandstorm"
"skarmory","sky-attack"
"skarmory","sleep-talk"
"skarmory","snore"
"skarmory","spikes"
"skarmory","stealth-rock"
"skarmory","steel-beam"
"skarmory","steel-wing"
"skarmory","substitute"
"skarmory","sunny-day"
"skarmory","swords-dance"
"skarmory","tailwind"
"skarmory","taunt"
"skarmory","thief"
"skarmory","whirlwind"
"skarmory","x-scissor"
"skeledirge","alluring-voice"
"skeledirge","belch"
"skeledirge","bite"
"skeledirge","blast-burn"
"skeledirge","body-slam"
"skeledirge","burn-up"
"skeledirge","crunch"
"skeledirge","curse"
"skeledirge","dig"
"skeledirge","earth-power"
"skeledirge","earthquake"
"skeledirge","encore"
"skeledirge","endure"
"skeledirge","facade"
"skeledirge","fire-blast"
"skeledirge","fire-fang"
"skeledirge","fire-spin"
"skeledirge","flame-charge"
"skeledirge","flamethrower"
"skeledirge","flare-blitz"
"skeledirge","giga-impact"
"skeledirge","heat-crash"
"skeledirge","heat-wave"
"skeledirge","helping-hand"
"skeledirge","hex"
"skeledirge","hyper-beam"
"skeledirge","hyper-voice"
"skeledirge","imprison"
"skeledirge","mud-slap"
"skeledirge","night-shade"
"skeledirge","outrage"
"skeledirge","overheat"
"skeledirge","poltergeist"
"skeledirge","protect"
"skeledirge","rest"
"skeledirge","roar"
"skeledirge","round"
"skeledirge","scary-face"
"skeledirge","scorching-sands"
"skeledirge","seed-bomb"
"skeledirge","shadow-ball"
"skeledirge","shadow-claw"
"skeledirge","sing"
"skeledirge","slack-off"
"skeledirge","sleep-talk"
"skeledirge","snarl"
"skeledirge","solar-beam"
"skeledirge","stomping-tantrum"
"skeledirge","substitute"
"skeledirge","sunny-day"
"skeledirge","temper-flare"
"skeledirge","thunder-fang"
"skeledirge","torch-song"
"skeledirge","will-o-wisp"
"skeledirge","yawn"
"skeledirge","zen-headbutt"
"slowbro","amnesia"
"slowbro","avalanche"
"slowbro","belch"
"slowbro","belly-drum"
"slowbro","blizzard"
"slowbro","block"
"slowbro","body-press"
"slowbro","body-slam"
"slowbro","brick-break"
"slowbro","bulldoze"
"slowbro","calm-mind"
"slowbro","chilling-water"
"slowbro","curse"
"slowbro","dig"
"slowbro","disable"
"slowbro","dive"
"slowbro","drain-punch"
"slowbro","earthquake"
"slowbro","endure"
"slowbro","expanding-force"
"slowbro","facade"
"slowbro","fire-blast"
"slowbro","flamethrower"
"slowbro","fling"
"slowbro","focus-blast"
"slowbro","focus-punch"
"slowbro","foul-play"
"slowbro","future-sight"
"slowbro","giga-impact"
"slowbro","grass-knot"
"slowbro","heal-pulse"
"slowbro","helping-hand"
"slowbro","hydro-pump"
"slowbro","hyper-beam"
"slowbro","ice-beam"
"slowbro","ice-punch"
"slowbro","icy-wind"
"slowbro","imprison"
"slowbro","iron-defense"
"slowbro","iron-tail"
"slowbro","light-screen"
"slowbro","liquidation"
"slowbro","mud-shot"
"slowbro","muddy-water"
"slowbro","nasty-plot"
"slowbro","protect"
"slowbro","psych-up"
"slowbro","psychic"
"slowbro","psychic-noise"
"slowbro","psychic-terrain"
"slowbro","psyshock"
"slowbro","rain-dance"
"slowbro","razor-shell"
"slowbro","rest"
"slowbro","round"
"slowbro","safeguard"
"slowbro","scald"
"slowbro","shadow-ball"
"slowbro","skill-swap"
"slowbro","slack-off"
"slowbro","sleep-talk"
"slowbro","snore"
"slowbro","snowscape"
"slowbro","stored-power"
"slowbro","substitute"
"slowbro","sunny-day"
"slowbro","surf"
"slowbro","thunder-wave"
"slowbro","tri-attack"
"slowbro","trick"
"slowbro","trick-room"
"slowbro","water-pulse"
"slowbro","waterfall"
"slowbro","weather-ball"
"slowbro","whirlpool"
"slowbro","wonder-room"
"slowbro","yawn"
"slowbro","zen-headbutt"
"slowbro-galar","acid-spray"
"slowbro-galar","amnesia"
"slowbro-galar","avalanche"
"slowbro-galar","belch"
"slowbro-galar","belly-drum"
"slowbro-galar","blizzard"
"slowbro-galar","block"
"slowbro-galar","body-press"
"slowbro-galar","body-slam"
"slowbro-galar","brick-break"
"slowbro-galar","bulldoze"
"slowbro-galar","calm-mind"
"slowbro-galar","chilling-water"
"slowbro-galar","curse"
"slowbro-galar","dig"
"slowbro-galar","disable"
"slowbro-galar","dive"
"slowbro-galar","double-edge"
"slowbro-galar","drain-punch"
"slowbro-galar","earthquake"
"slowbro-galar","endure"
"slowbro-galar","expanding-force"
"slowbro-galar","facade"
"slowbro-galar","fire-blast"
"slowbro-galar","flamethrower"
"slowbro-galar","fling"
"slowbro-galar","focus-blast"
"slowbro-galar","foul-play"
"slowbro-galar","future-sight"
"slowbro-galar","giga-impact"
"slowbro-galar","grass-knot"
"slowbro-galar","gunk-shot"
"slowbro-galar","haze"
"slowbro-galar","heal-pulse"
"slowbro-galar","helping-hand"
"slowbro-galar","hydro-pump"
"slowbro-galar","hyper-beam"
"slowbro-galar","ice-beam"
"slowbro-galar","ice-fang"
"slowbro-galar","ice-punch"
"slowbro-galar","icy-wind"
"slowbro-galar","imprison"
"slowbro-galar","iron-defense"
"slowbro-galar","iron-tail"
"slowbro-galar","light-screen"
"slowbro-galar","liquidation"
"slowbro-galar","mud-shot"
"slowbro-galar","muddy-water"
"slowbro-galar","nasty-plot"
"slowbro-galar","poison-jab"
"slowbro-galar","power-gem"
"slowbro-galar","protect"
"slowbro-galar","psych-up"
"slowbro-galar","psychic"
"slowbro-galar","psychic-terrain"
"slowbro-galar","psyshock"
"slowbro-galar","rain-dance"
"slowbro-galar","razor-shell"
"slowbro-galar","rest"
"slowbro-galar","rock-blast"
"slowbro-galar","round"
"slowbro-galar","safeguard"
"slowbro-galar","sandstorm"
"slowbro-galar","scary-face"
"slowbro-galar","shadow-ball"
"slowbro-galar","shell-side-arm"
"slowbro-galar","skill-swap"
"slowbro-galar","slack-off"
"slowbro-galar","sleep-talk"
"slowbro-galar","sludge-bomb"
"slowbro-galar","sludge-wave"
"slowbro-galar","smack-down"
"slowbro-galar","snore"
"slowbro-galar","snowscape"
"slowbro-galar","stored-power"
"slowbro-galar","substitute"
"slowbro-galar","sunny-day"
"slowbro-galar","surf"
"slowbro-galar","thunder-wave"
"slowbro-galar","toxic"
"slowbro-galar","toxic-spikes"
"slowbro-galar","tri-attack"
"slowbro-galar","trick"
"slowbro-galar","trick-room"
"slowbro-galar","venoshock"
"slowbro-galar","water-pulse"
"slowbro-galar","waterfall"
"slowbro-galar","weather-ball"
"slowbro-galar","whirlpool"
"slowbro-galar","wonder-room"
"slowbro-galar","yawn"
"slowbro-galar","zen-headbutt"
"slowking","amnesia"
"slowking","avalanche"
"slowking","belch"
"slowking","belly-drum"
"slowking","blizzard"
"slowking","block"
"slowking","body-slam"
"slowking","brick-break"
"slowking","bulldoze"
"slowking","calm-mind"
"slowking","chilling-water"
"slowking","chilly-reception"
"slowking","curse"
"slowking","dig"
"slowking","disable"
"slowking","dive"
"slowking","drain-punch"
"slowking","earthquake"
"slowking","endure"
"slowking","expanding-force"
"slowking","facade"
"slowking","fire-blast"
"slowking","fire-punch"
"slowking","flamethrower"
"slowking","fling"
"slowking","focus-blast"
"slowking","focus-punch"
"slowking","foul-play"
"slowking","future-sight"
"slowking","giga-impact"
"slowking","grass-knot"
"slowking","heal-pulse"
"slowking","helping-hand"
"slowking","hydro-pump"
"slowking","hyper-beam"
"slowking","ice-beam"
"slowking","ice-punch"
"slowking","icy-wind"
"slowking","imprison"
"slowking","iron-defense"
"slowking","iron-tail"
"slowking","light-screen"
"slowking","liquidation"
"slowking","mud-shot"
"slowking","muddy-water"
"slowking","nasty-plot"
"slowking","power-gem"
"slowking","protect"
"slowking","psych-up"
"slowking","psychic"
"slowking","psychic-noise"
"slowking","psychic-terrain"
"slowking","psyshock"
"slowking","rain-dance"
"slowking","razor-shell"
"slowking","reflect"
"slowking","rest"
"slowking","rock-slide"
"slowking","rock-tomb"
"slowking","round"
"slowking","safeguard"
"slowking","scald"
"slowking","shadow-ball"
"slowking","skill-swap"
"slowking","slack-off"
"slowking","sleep-talk"
"slowking","snore"
"slowking","snowscape"
"slowking","stored-power"
"slowking","substitute"
"slowking","sunny-day"
"slowking","surf"
"slowking","swagger"
"slowking","thunder-punch"
"slowking","thunder-wave"
"slowking","tri-attack"
"slowking","trick"
"slowking","trick-room"
"slowking","water-pulse"
"slowking","waterfall"
"slowking","weather-ball"
"slowking","whirlpool"
"slowking","wonder-room"
"slowking","yawn"
"slowking","zen-headbutt"
"slowking-galar","acid-spray"
"slowking-galar","amnesia"
"slowking-galar","avalanche"
"slowking-galar","belch"
"slowking-galar","belly-drum"
"slowking-galar","blizzard"
"slowking-galar","block"
"slowking-galar","body-slam"
"slowking-galar","brick-break"
"slowking-galar","bulldoze"
"slowking-galar","calm-mind"
"slowking-galar","chilling-water"
"slowking-galar","chilly-reception"
"slowking-galar","curse"
"slowking-galar","dig"
"slowking-galar","disable"
"slowking-galar","dive"
"slowking-galar","drain-punch"
"slowking-galar","earthquake"
"slowking-galar","eerie-spell"
"slowking-galar","endure"
"slowking-galar","expanding-force"
"slowking-galar","facade"
"slowking-galar","fire-blast"
"slowking-galar","fire-punch"
"slowking-galar","flamethrower"
"slowking-galar","fling"
"slowking-galar","focus-blast"
"slowking-galar","foul-play"
"slowking-galar","future-sight"
"slowking-galar","giga-impact"
"slowking-galar","grass-knot"
"slowking-galar","gunk-shot"
"slowking-galar","heal-pulse"
"slowking-galar","helping-hand"
"slowking-galar","hex"
"slowking-galar","hydro-pump"
"slowking-galar","hyper-beam"
"slowking-galar","ice-beam"
"slowking-galar","ice-punch"
"slowking-galar","icy-wind"
"slowking-galar","imprison"
"slowking-galar","iron-defense"
"slowking-galar","iron-tail"
"slowking-galar","light-screen"
"slowking-galar","liquidation"
"slowking-galar","low-sweep"
"slowking-galar","mud-shot"
"slowking-galar","muddy-water"
"slowking-galar","nasty-plot"
"slowking-galar","poison-jab"
"slowking-galar","power-gem"
"slowking-galar","protect"
"slowking-galar","psych-up"
"slowking-galar","psychic"
"slowking-galar","psychic-noise"
"slowking-galar","psychic-terrain"
"slowking-galar","psyshock"
"slowking-galar","rain-dance"
"slowking-galar","razor-shell"
"slowking-galar","rest"
"slowking-galar","round"
"slowking-galar","safeguard"
"slowking-galar","scary-face"
"slowking-galar","shadow-ball"
"slowking-galar","skill-swap"
"slowking-galar","slack-off"
"slowking-galar","sleep-talk"
"slowking-galar","sludge-bomb"
"slowking-galar","sludge-wave"
"slowking-galar","snarl"
"slowking-galar","snore"
"slowking-galar","snowscape"
"slowking-galar","stomping-tantrum"
"slowking-galar","stored-power"
"slowking-galar","substitute"
"slowking-galar","sunny-day"
"slowking-galar","surf"
"slowking-galar","swagger"
"slowking-galar","taunt"
"slowking-galar","thunder-punch"
"slowking-galar","thunder-wave"
"slowking-galar","toxic"
"slowking-galar","toxic-spikes"
"slowking-galar","tri-attack"
"slowking-galar","trick"
"slowking-galar","trick-room"
"slowking-galar","venoshock"
"slowking-galar","water-pulse"
"slowking-galar","waterfall"
"slowking-galar","weather-ball"
"slowking-galar","whirlpool"
"slowking-galar","wonder-room"
"slowking-galar","yawn"
"slowking-galar","zen-headbutt"
"slurpuff","after-you"
"slurpuff","amnesia"
"slurpuff","attract"
"slurpuff","calm-mind"
"slurpuff","charm"
"slurpuff","copycat"
"slurpuff","cotton-guard"
"slurpuff","cotton-spore"
"slurpuff","dazzling-gleam"
"slurpuff","drain-punch"
"slurpuff","draining-kiss"
"slurpuff","endeavor"
"slurpuff","endure"
"slurpuff","energy-ball"
"slurpuff","facade"
"slurpuff","fake-tears"
"slurpuff","flamethrower"
"slurpuff","giga-impact"
"slurpuff","helping-hand"
"slurpuff","hyper-beam"
"slurpuff","light-screen"
"slurpuff","misty-explosion"
"slurpuff","play-rough"
"slurpuff","protect"
"slurpuff","psychic"
"slurpuff","rain-dance"
"slurpuff","rest"
"slurpuff","round"
"slurpuff","safeguard"
"slurpuff","sleep-talk"
"slurpuff","snore"
"slurpuff","sticky-web"
"slurpuff","string-shot"
"slurpuff","substitute"
"slurpuff","sunny-day"
"slurpuff","surf"
"slurpuff","sweet-scent"
"slurpuff","thief"
"slurpuff","thunder"
"slurpuff","thunderbolt"
"slurpuff","wish"
"slurpuff","yawn"
"sneasler","acid-spray"
"sneasler","acrobatics"
"sneasler","aerial-ace"
"sneasler","agility"
"sneasler","brick-break"
"sneasler","bulk-up"
"sneasler","calm-mind"
"sneasler","close-combat"
"sneasler","coaching"
"sneasler","counter"
"sneasler","dig"
"sneasler","dire-claw"
"sneasler","double-hit"
"sneasler","endure"
"sneasler","facade"
"sneasler","fake-out"
"sneasler","feint"
"sneasler","fire-punch"
"sneasler","fling"
"sneasler","focus-blast"
"sneasler","focus-punch"
"sneasler","giga-impact"
"sneasler","grass-knot"
"sneasler","gunk-shot"
"sneasler","hyper-beam"
"sneasler","lash-out"
"sneasler","low-kick"
"sneasler","low-sweep"
"sneasler","nasty-plot"
"sneasler","night-slash"
"sneasler","poison-jab"
"sneasler","protect"
"sneasler","quick-attack"
"sneasler","quick-guard"
"sneasler","rain-dance"
"sneasler","rest"
"sneasler","reversal"
"sneasler","rock-slide"
"sneasler","rock-tomb"
"sneasler","screech"
"sneasler","shadow-ball"
"sneasler","shadow-claw"
"sneasler","sleep-talk"
"sneasler","sludge-bomb"
"sneasler","sludge-wave"
"sneasler","spite"
"sneasler","substitute"
"sneasler","sunny-day"
"sneasler","switcheroo"
"sneasler","swords-dance"
"sneasler","taunt"
"sneasler","thief"
"sneasler","throat-chop"
"sneasler","toxic"
"sneasler","toxic-spikes"
"sneasler","trailblaze"
"sneasler","u-turn"
"sneasler","upper-hand"
"sneasler","vacuum-wave"
"sneasler","venoshock"
"sneasler","x-scissor"
"snorlax","amnesia"
"snorlax","attract"
"snorlax","belch"
"snorlax","belly-drum"
"snorlax","bite"
"snorlax","blizzard"
"snorlax","block"
"snorlax","body-press"
"snorlax","body-slam"
"snorlax","brick-break"
"snorlax","bulldoze"
"snorlax","charm"
"snorlax","chilling-water"
"snorlax","counter"
"snorlax","covet"
"snorlax","crunch"
"snorlax","curse"
"snorlax","dig"
"snorlax","double-edge"
"snorlax","earthquake"
"snorlax","encore"
"snorlax","endure"
"snorlax","facade"
"snorlax","fire-blast"
"snorlax","fire-punch"
"snorlax","fissure"
"snorlax","flail"
"snorlax","flamethrower"
"snorlax","fling"
"snorlax","focus-blast"
"snorlax","focus-punch"
"snorlax","gastro-acid"
"snorlax","giga-impact"
"snorlax","gunk-shot"
"snorlax","hammer-arm"
"snorlax","hard-press"
"snorlax","heat-crash"
"snorlax","heavy-slam"
"snorlax","helping-hand"
"snorlax","high-horsepower"
"snorlax","hydro-pump"
"snorlax","hyper-beam"
"snorlax","hyper-voice"
"snorlax","ice-beam"
"snorlax","ice-punch"
"snorlax","icy-wind"
"snorlax","iron-head"
"snorlax","last-resort"
"snorlax","mud-slap"
"snorlax","outrage"
"snorlax","protect"
"snorlax","rain-dance"
"snorlax","recycle"
"snorlax","rest"
"snorlax","rock-slide"
"snorlax","rock-tomb"
"snorlax","round"
"snorlax","sandstorm"
"snorlax","screech"
"snorlax","seed-bomb"
"snorlax","self-destruct"
"snorlax","shadow-ball"
"snorlax","sleep-talk"
"snorlax","smack-down"
"snorlax","snore"
"snorlax","solar-beam"
"snorlax","stockpile"
"snorlax","stomping-tantrum"
"snorlax","substitute"
"snorlax","sunny-day"
"snorlax","supercell-slam"
"snorlax","superpower"
"snorlax","surf"
"snorlax","swallow"
"snorlax","terrain-pulse"
"snorlax","thunder"
"snorlax","thunder-punch"
"snorlax","thunderbolt"
"snorlax","trailblaze"
"snorlax","uproar"
"snorlax","wild-charge"
"snorlax","yawn"
"snorlax","zen-headbutt"
"spiritomb","ally-switch"
"spiritomb","body-slam"
"spiritomb","burning-jealousy"
"spiritomb","calm-mind"
"spiritomb","confuse-ray"
"spiritomb","curse"
"spiritomb","dark-pulse"
"spiritomb","destiny-bond"
"spiritomb","disable"
"spiritomb","endure"
"spiritomb","facade"
"spiritomb","foul-play"
"spiritomb","giga-impact"
"spiritomb","helping-hand"
"spiritomb","hex"
"spiritomb","hyper-beam"
"spiritomb","hypnosis"
"spiritomb","icy-wind"
"spiritomb","imprison"
"spiritomb","lash-out"
"spiritomb","memento"
"spiritomb","nasty-plot"
"spiritomb","night-shade"
"spiritomb","pain-split"
"spiritomb","payback"
"spiritomb","phantom-force"
"spiritomb","poltergeist"
"spiritomb","protect"
"spiritomb","psychic"
"spiritomb","psyshock"
"spiritomb","rain-dance"
"spiritomb","rest"
"spiritomb","rock-tomb"
"spiritomb","round"
"spiritomb","scary-face"
"spiritomb","shadow-ball"
"spiritomb","shadow-sneak"
"spiritomb","skill-swap"
"spiritomb","sleep-talk"
"spiritomb","snarl"
"spiritomb","snore"
"spiritomb","spite"
"spiritomb","stored-power"
"spiritomb","substitute"
"spiritomb","sucker-punch"
"spiritomb","sunny-day"
"spiritomb","taunt"
"spiritomb","thief"
"spiritomb","toxic"
"spiritomb","trick"
"spiritomb","trick-room"
"spiritomb","uproar"
"spiritomb","will-o-wisp"
"spiritomb","wonder-room"
"starmie","agility"
"starmie","ally-switch"
"starmie","ancient-power"
"starmie","aqua-jet"
"starmie","avalanche"
"starmie","blizzard"
"starmie","bulk-up"
"starmie","charge-beam"
"starmie","chilling-water"
"starmie","confuse-ray"
"starmie","cosmic-power"
"starmie","dazzling-gleam"
"starmie","dive"
"starmie","double-edge"
"starmie","endure"
"starmie","expanding-force"
"starmie","facade"
"starmie","flash-cannon"
"starmie","flip-turn"
"starmie","giga-impact"
"starmie","grass-knot"
"starmie","gravity"
"starmie","gyro-ball"
"starmie","hydro-pump"
"starmie","hyper-beam"
"starmie","ice-beam"
"starmie","ice-spinner"
"starmie","icy-wind"
"starmie","light-screen"
"starmie","liquidation"
"starmie","meteor-beam"
"starmie","minimize"
"starmie","power-gem"
"starmie","protect"
"starmie","psychic"
"starmie","psycho-cut"
"starmie","psyshock"
"starmie","rain-dance"
"starmie","rapid-spin"
"starmie","recover"
"starmie","reflect"
"starmie","rest"
"starmie","round"
"starmie","safeguard"
"starmie","scald"
"starmie","self-destruct"
"starmie","skill-swap"
"starmie","sleep-talk"
"starmie","snore"
"starmie","substitute"
"starmie","surf"
"starmie","thunder"
"starmie","thunder-wave"
"starmie","thunderbolt"
"starmie","tri-attack"
"starmie","trick"
"starmie","trick-room"
"starmie","water-pulse"
"starmie","waterfall"
"starmie","whirlpool"
"starmie","wonder-room"
"starmie","zen-headbutt"
"steelix","ancient-power"
"steelix","attract"
"steelix","bind"
"steelix","block"
"steelix","body-press"
"steelix","body-slam"
"steelix","breaking-swipe"
"steelix","brutal-swing"
"steelix","bulldoze"
"steelix","crunch"
"steelix","curse"
"steelix","dark-pulse"
"steelix","dig"
"steelix","double-edge"
"steelix","dragon-dance"
"steelix","dragon-pulse"
"steelix","dragon-tail"
"steelix","drill-run"
"steelix","earth-power"
"steelix","earthquake"
"steelix","endure"
"steelix","facade"
"steelix","fire-fang"
"steelix","fissure"
"steelix","flail"
"steelix","flash-cannon"
"steelix","giga-impact"
"steelix","gyro-ball"
"steelix","head-smash"
"steelix","heavy-slam"
"steelix","high-horsepower"
"steelix","hyper-beam"
"steelix","ice-fang"
"steelix","iron-defense"
"steelix","iron-head"
"steelix","iron-tail"
"steelix","magnet-rise"
"steelix","meteor-beam"
"steelix","payback"
"steelix","protect"
"steelix","psychic-fangs"
"steelix","rest"
"steelix","rock-blast"
"steelix","rock-polish"
"steelix","rock-slide"
"steelix","rock-tomb"
"steelix","round"
"steelix","sand-tomb"
"steelix","sandstorm"
"steelix","scary-face"
"steelix","scorching-sands"
"steelix","screech"
"steelix","self-destruct"
"steelix","sleep-talk"
"steelix","smack-down"
"steelix","snore"
"steelix","stealth-rock"
"steelix","steel-beam"
"steelix","steel-roller"
"steelix","stomping-tantrum"
"steelix","stone-edge"
"steelix","substitute"
"steelix","sunny-day"
"steelix","taunt"
"steelix","thunder-fang"
"steelix","wide-guard"
"stunfisk","attract"
"stunfisk","bounce"
"stunfisk","bulldoze"
"stunfisk","charge"
"stunfisk","curse"
"stunfisk","dig"
"stunfisk","discharge"
"stunfisk","earth-power"
"stunfisk","earthquake"
"stunfisk","eerie-impulse"
"stunfisk","electric-terrain"
"stunfisk","electroweb"
"stunfisk","endure"
"stunfisk","facade"
"stunfisk","fissure"
"stunfisk","flail"
"stunfisk","foul-play"
"stunfisk","lash-out"
"stunfisk","mud-shot"
"stunfisk","mud-slap"
"stunfisk","muddy-water"
"stunfisk","pain-split"
"stunfisk","payback"
"stunfisk","protect"
"stunfisk","rain-dance"
"stunfisk","reflect-type"
"stunfisk","rest"
"stunfisk","rock-slide"
"stunfisk","rock-tomb"
"stunfisk","round"
"stunfisk","sandstorm"
"stunfisk","scald"
"stunfisk","sleep-talk"
"stunfisk","sludge-bomb"
"stunfisk","sludge-wave"
"stunfisk","snore"
"stunfisk","spite"
"stunfisk","stealth-rock"
"stunfisk","stomping-tantrum"
"stunfisk","stone-edge"
"stunfisk","substitute"
"stunfisk","sucker-punch"
"stunfisk","surf"
"stunfisk","thunder"
"stunfisk","thunder-wave"
"stunfisk","thunderbolt"
"stunfisk","uproar"
"stunfisk","yawn"
"stunfisk-galar","attract"
"stunfisk-galar","bind"
"stunfisk-galar","bounce"
"stunfisk-galar","bulldoze"
"stunfisk-galar","counter"
"stunfisk-galar","crunch"
"stunfisk-galar","curse"
"stunfisk-galar","dig"
"stunfisk-galar","earth-power"
"stunfisk-galar","earthquake"
"stunfisk-galar","endure"
"stunfisk-galar","facade"
"stunfisk-galar","fissure"
"stunfisk-galar","flail"
"stunfisk-galar","flash-cannon"
"stunfisk-galar","foul-play"
"stunfisk-galar","ice-fang"
"stunfisk-galar","iron-defense"
"stunfisk-galar","lash-out"
"stunfisk-galar","metal-sound"
"stunfisk-galar","mud-shot"
"stunfisk-galar","mud-slap"
"stunfisk-galar","muddy-water"
"stunfisk-galar","pain-split"
"stunfisk-galar","payback"
"stunfisk-galar","protect"
"stunfisk-galar","rain-dance"
"stunfisk-galar","reflect-type"
"stunfisk-galar","rest"
"stunfisk-galar","rock-slide"
"stunfisk-galar","rock-tomb"
"stunfisk-galar","round"
"stunfisk-galar","sandstorm"
"stunfisk-galar","scald"
"stunfisk-galar","screech"
"stunfisk-galar","sleep-talk"
"stunfisk-galar","sludge-bomb"
"stunfisk-galar","sludge-wave"
"stunfisk-galar","snap-trap"
"stunfisk-galar","snore"
"stunfisk-galar","spite"
"stunfisk-galar","stealth-rock"
"stunfisk-galar","steel-beam"
"stunfisk-galar","stomping-tantrum"
"stunfisk-galar","stone-edge"
"stunfisk-galar","substitute"
"stunfisk-galar","sucker-punch"
"stunfisk-galar","surf"
"stunfisk-galar","terrain-pulse"
"stunfisk-galar","thunder-wave"
"stunfisk-galar","uproar"
"stunfisk-galar","yawn"
"sylveon","alluring-voice"
"sylveon","baby-doll-eyes"
"sylveon","baton-pass"
"sylveon","bite"
"sylveon","body-slam"
"sylveon","calm-mind"
"sylveon","charm"
"sylveon","copycat"
"sylveon","covet"
"sylveon","curse"
"sylveon","dazzling-gleam"
"sylveon","detect"
"sylveon","dig"
"sylveon","double-edge"
"sylveon","draining-kiss"
"sylveon","endure"
"sylveon","facade"
"sylveon","fake-tears"
"sylveon","flail"
"sylveon","focus-energy"
"sylveon","giga-impact"
"sylveon","helping-hand"
"sylveon","hyper-beam"
"sylveon","hyper-voice"
"sylveon","last-resort"
"sylveon","light-screen"
"sylveon","misty-explosion"
"sylveon","misty-terrain"
"sylveon","moonblast"
"sylveon","mud-slap"
"sylveon","mystical-fire"
"sylveon","play-rough"
"sylveon","protect"
"sylveon","psych-up"
"sylveon","psychic"
"sylveon","psyshock"
"sylveon","quick-attack"
"sylveon","rain-dance"
"sylveon","reflect"
"sylveon","rest"
"sylveon","roar"
"sylveon","round"
"sylveon","safeguard"
"sylveon","shadow-ball"
"sylveon","skill-swap"
"sylveon","sleep-talk"
"sylveon","snore"
"sylveon","stored-power"
"sylveon","substitute"
"sylveon","sunny-day"
"sylveon","tickle"
"sylveon","trailblaze"
"sylveon","weather-ball"
"sylveon","wish"
"sylveon","yawn"
"talonflame","acrobatics"
"talonflame","aerial-ace"
"talonflame","agility"
"talonflame","air-cutter"
"talonflame","air-slash"
"talonflame","blaze-kick"
"talonflame","brave-bird"
"talonflame","bulk-up"
"talonflame","defog"
"talonflame","double-edge"
"talonflame","dual-wingbeat"
"talonflame","endure"
"talonflame","facade"
"talonflame","feather-dance"
"talonflame","feint"
"talonflame","fire-blast"
"talonflame","fire-spin"
"talonflame","flail"
"talonflame","flame-charge"
"talonflame","flamethrower"
"talonflame","flare-blitz"
"talonflame","fly"
"talonflame","giga-impact"
"talonflame","heat-wave"
"talonflame","hurricane"
"talonflame","hyper-beam"
"talonflame","overheat"
"talonflame","protect"
"talonflame","quick-attack"
"talonflame","quick-guard"
"talonflame","rain-dance"
"talonflame","rest"
"talonflame","roost"
"talonflame","round"
"talonflame","sky-attack"
"talonflame","sleep-talk"
"talonflame","snore"
"talonflame","solar-beam"
"talonflame","steel-wing"
"talonflame","substitute"
"talonflame","sunny-day"
"talonflame","swords-dance"
"talonflame","tailwind"
"talonflame","taunt"
"talonflame","temper-flare"
"talonflame","thief"
"talonflame","u-turn"
"talonflame","upper-hand"
"talonflame","whirlwind"
"talonflame","will-o-wisp"
"tauros","assurance"
"tauros","blizzard"
"tauros","body-slam"
"tauros","bulldoze"
"tauros","close-combat"
"tauros","curse"
"tauros","dig"
"tauros","double-edge"
"tauros","earthquake"
"tauros","endeavor"
"tauros","endure"
"tauros","facade"
"tauros","fire-blast"
"tauros","flamethrower"
"tauros","giga-impact"
"tauros","helping-hand"
"tauros","high-horsepower"
"tauros","hyper-beam"
"tauros","ice-beam"
"tauros","icy-wind"
"tauros","iron-head"
"tauros","iron-tail"
"tauros","lash-out"
"tauros","megahorn"
"tauros","outrage"
"tauros","payback"
"tauros","protect"
"tauros","raging-bull"
"tauros","rain-dance"
"tauros","rest"
"tauros","reversal"
"tauros","rock-slide"
"tauros","rock-tomb"
"tauros","round"
"tauros","sandstorm"
"tauros","scary-face"
"tauros","shadow-ball"
"tauros","sleep-talk"
"tauros","smart-strike"
"tauros","snore"
"tauros","solar-beam"
"tauros","stomping-tantrum"
"tauros","stone-edge"
"tauros","substitute"
"tauros","sunny-day"
"tauros","surf"
"tauros","swagger"
"tauros","thief"
"tauros","thrash"
"tauros","throat-chop"
"tauros","thunder"
"tauros","thunderbolt"
"tauros","trailblaze"
"tauros","uproar"
"tauros","whirlpool"
"tauros","wild-charge"
"tauros","zen-headbutt"
"tauros-paldea","assurance"
"tauros-paldea","body-press"
"tauros-paldea","body-slam"
"tauros-paldea","bulk-up"
"tauros-paldea","bulldoze"
"tauros-paldea","close-combat"
"tauros-paldea","curse"
"tauros-paldea","dig"
"tauros-paldea","double-edge"
"tauros-paldea","drill-run"
"tauros-paldea","earthquake"
"tauros-paldea","endeavor"
"tauros-paldea","endure"
"tauros-paldea","facade"
"tauros-paldea","giga-impact"
"tauros-paldea","high-horsepower"
"tauros-paldea","hyper-beam"
"tauros-paldea","iron-head"
"tauros-paldea","iron-tail"
"tauros-paldea","lash-out"
"tauros-paldea","megahorn"
"tauros-paldea","outrage"
"tauros-paldea","protect"
"tauros-paldea","raging-bull"
"tauros-paldea","rain-dance"
"tauros-paldea","rest"
"tauros-paldea","reversal"
"tauros-paldea","rock-slide"
"tauros-paldea","rock-tomb"
"tauros-paldea","round"
"tauros-paldea","sandstorm"
"tauros-paldea","scary-face"
"tauros-paldea","sleep-talk"
"tauros-paldea","smart-strike"
"tauros-paldea","snore"
"tauros-paldea","stomping-tantrum"
"tauros-paldea","stone-edge"
"tauros-paldea","substitute"
"tauros-paldea","sunny-day"
"tauros-paldea","surf"
"tauros-paldea","swagger"
"tauros-paldea","thief"
"tauros-paldea","thrash"
"tauros-paldea","throat-chop"
"tauros-paldea","trailblaze"
"tauros-paldea","uproar"
"tauros-paldea","wild-charge"
"tauros-paldea","zen-headbutt"
"tinkaton","baby-doll-eyes"
"tinkaton","brick-break"
"tinkaton","brutal-swing"
"tinkaton","bulldoze"
"tinkaton","covet"
"tinkaton","draining-kiss"
"tinkaton","encore"
"tinkaton","endeavor"
"tinkaton","endure"
"tinkaton","facade"
"tinkaton","fake-out"
"tinkaton","fake-tears"
"tinkaton","feint"
"tinkaton","flash-cannon"
"tinkaton","flatter"
"tinkaton","fling"
"tinkaton","foul-play"
"tinkaton","gigaton-hammer"
"tinkaton","hard-press"
"tinkaton","heavy-slam"
"tinkaton","helping-hand"
"tinkaton","ice-hammer"
"tinkaton","knock-off"
"tinkaton","light-screen"
"tinkaton","metal-sound"
"tinkaton","play-rough"
"tinkaton","pounce"
"tinkaton","protect"
"tinkaton","quash"
"tinkaton","reflect"
"tinkaton","rest"
"tinkaton","rock-slide"
"tinkaton","rock-tomb"
"tinkaton","screech"
"tinkaton","skill-swap"
"tinkaton","skitter-smack"
"tinkaton","sleep-talk"
"tinkaton","smack-down"
"tinkaton","stealth-rock"
"tinkaton","steel-beam"
"tinkaton","stone-edge"
"tinkaton","substitute"
"tinkaton","sweet-kiss"
"tinkaton","swords-dance"
"tinkaton","thief"
"tinkaton","thunder-wave"
"tinkaton","wood-hammer"
"torkoal","amnesia"
"torkoal","ancient-power"
"torkoal","body-press"
"torkoal","body-slam"
"torkoal","bulldoze"
"torkoal","burning-jealousy"
"torkoal","clear-smog"
"torkoal","curse"
"torkoal","double-edge"
"torkoal","earth-power"
"torkoal","earthquake"
"torkoal","endure"
"torkoal","eruption"
"torkoal","facade"
"torkoal","fire-blast"
"torkoal","fire-spin"
"torkoal","fissure"
"torkoal","flail"
"torkoal","flame-charge"
"torkoal","flamethrower"
"torkoal","flare-blitz"
"torkoal","giga-impact"
"torkoal","gyro-ball"
"torkoal","heat-crash"
"torkoal","heat-wave"
"torkoal","heavy-slam"
"torkoal","helping-hand"
"torkoal","hyper-beam"
"torkoal","inferno"
"torkoal","iron-defense"
"torkoal","lava-plume"
"torkoal","overheat"
"torkoal","protect"
"torkoal","rapid-spin"
"torkoal","rest"
"torkoal","rock-slide"
"torkoal","rock-tomb"
"torkoal","round"
"torkoal","sandstorm"
"torkoal","scorching-sands"
"torkoal","self-destruct"
"torkoal","shell-smash"
"torkoal","sleep-talk"
"torkoal","sludge-bomb"
"torkoal","snore"
"torkoal","solar-beam"
"torkoal","stealth-rock"
"torkoal","stomping-tantrum"
"torkoal","stone-edge"
"torkoal","substitute"
"torkoal","sunny-day"
"torkoal","superpower"
"torkoal","temper-flare"
"torkoal","weather-ball"
"torkoal","will-o-wisp"
"torkoal","yawn"
"torkoal","zen-headbutt"
"torterra","amnesia"
"torterra","attract"
"torterra","bite"
"torterra","body-press"
"torterra","body-slam"
"torterra","bulldoze"
"torterra","bullet-seed"
"torterra","crunch"
"torterra","curse"
"torterra","double-edge"
"torterra","earth-power"
"torterra","earthquake"
"torterra","endure"
"torterra","energy-ball"
"torterra","facade"
"torterra","frenzy-plant"
"torterra","giga-drain"
"torterra","giga-impact"
"torterra","grass-knot"
"torterra","grassy-glide"
"torterra","grassy-terrain"
"torterra","growth"
"torterra","hard-press"
"torterra","headlong-rush"
"torterra","heavy-slam"
"torterra","high-horsepower"
"torterra","hyper-beam"
"torterra","hyper-voice"
"torterra","iron-defense"
"torterra","iron-head"
"torterra","leaf-storm"
"torterra","leech-seed"
"torterra","light-screen"
"torterra","mud-shot"
"torterra","mud-slap"
"torterra","outrage"
"torterra","protect"
"torterra","reflect"
"torterra","rest"
"torterra","roar"
"torterra","rock-blast"
"torterra","rock-slide"
"torterra","rock-tomb"
"torterra","round"
"torterra","sand-tomb"
"torterra","sandstorm"
"torterra","scary-face"
"torterra","scorching-sands"
"torterra","seed-bomb"
"torterra","shell-smash"
"torterra","sleep-talk"
"torterra","smack-down"
"torterra","snore"
"torterra","solar-beam"
"torterra","spit-up"
"torterra","stealth-rock"
"torterra","stockpile"
"torterra","stomping-tantrum"
"torterra","stone-edge"
"torterra","substitute"
"torterra","sunny-day"
"torterra","superpower"
"torterra","swallow"
"torterra","swords-dance"
"torterra","synthesis"
"torterra","thrash"
"torterra","tickle"
"torterra","trailblaze"
"torterra","wide-guard"
"torterra","wood-hammer"
"torterra","worry-seed"
"torterra","zen-headbutt"
"toucannon","acrobatics"
"toucannon","aerial-ace"
"toucannon","air-cutter"
"toucannon","air-slash"
"toucannon","attract"
"toucannon","beak-blast"
"toucannon","boomburst"
"toucannon","brave-bird"
"toucannon","brick-break"
"toucannon","bullet-seed"
"toucannon","drill-peck"
"toucannon","dual-wingbeat"
"toucannon","encore"
"toucannon","endeavor"
"toucannon","endure"
"toucannon","facade"
"toucannon","feather-dance"
"toucannon","flame-charge"
"toucannon","flash-cannon"
"toucannon","fly"
"toucannon","giga-impact"
"toucannon","gunk-shot"
"toucannon","heat-wave"
"toucannon","helping-hand"
"toucannon","hurricane"
"toucannon","hyper-beam"
"toucannon","hyper-voice"
"toucannon","knock-off"
"toucannon","overheat"
"toucannon","pluck"
"toucannon","protect"
"toucannon","psych-up"
"toucannon","rest"
"toucannon","rock-blast"
"toucannon","roost"
"toucannon","round"
"toucannon","scary-face"
"toucannon","screech"
"toucannon","seed-bomb"
"toucannon","sky-attack"
"toucannon","sleep-talk"
"toucannon","smack-down"
"toucannon","snore"
"toucannon","steel-wing"
"toucannon","substitute"
"toucannon","sunny-day"
"toucannon","swords-dance"
"toucannon","tailwind"
"toucannon","temper-flare"
"toucannon","thief"
"toucannon","throat-chop"
"toucannon","u-turn"
"toucannon","uproar"
"toxapex","acid-spray"
"toxapex","baneful-bunker"
"toxapex","bite"
"toxapex","blizzard"
"toxapex","body-slam"
"toxapex","chilling-water"
"toxapex","cross-poison"
"toxapex","endure"
"toxapex","facade"
"toxapex","giga-impact"
"toxapex","gunk-shot"
"toxapex","haze"
"toxapex","hex"
"toxapex","hydro-pump"
"toxapex","hyper-beam"
"toxapex","ice-beam"
"toxapex","ice-spinner"
"toxapex","icy-wind"
"toxapex","infestation"
"toxapex","iron-defense"
"toxapex","light-screen"
"toxapex","liquidation"
"toxapex","lunge"
"toxapex","mud-shot"
"toxapex","muddy-water"
"toxapex","pain-split"
"toxapex","payback"
"toxapex","pin-missile"
"toxapex","poison-jab"
"toxapex","pounce"
"toxapex","protect"
"toxapex","rain-dance"
"toxapex","recover"
"toxapex","rest"
"toxapex","round"
"toxapex","scary-face"
"toxapex","sleep-talk"
"toxapex","sludge-bomb"
"toxapex","sludge-wave"
"toxapex","smack-down"
"toxapex","snore"
"toxapex","spit-up"
"toxapex","stockpile"
"toxapex","substitute"
"toxapex","surf"
"toxapex","swallow"
"toxapex","toxic"
"toxapex","toxic-spikes"
"toxapex","venoshock"
"toxapex","water-pulse"
"toxapex","wide-guard"
"toxicroak","acid-spray"
"toxicroak","aerial-ace"
"toxicroak","assurance"
"toxicroak","baton-pass"
"toxicroak","belch"
"toxicroak","bounce"
"toxicroak","brick-break"
"toxicroak","bulk-up"
"toxicroak","bulldoze"
"toxicroak","bullet-punch"
"toxicroak","chilling-water"
"toxicroak","close-combat"
"toxicroak","coaching"
"toxicroak","corrosive-gas"
"toxicroak","counter"
"toxicroak","cross-chop"
"toxicroak","cross-poison"
"toxicroak","dark-pulse"
"toxicroak","dig"
"toxicroak","drain-punch"
"toxicroak","dynamic-punch"
"toxicroak","earthquake"
"toxicroak","encore"
"toxicroak","endure"
"toxicroak","facade"
"toxicroak","fake-out"
"toxicroak","feint"
"toxicroak","flatter"
"toxicroak","fling"
"toxicroak","focus-blast"
"toxicroak","focus-punch"
"toxicroak","foul-play"
"toxicroak","giga-impact"
"toxicroak","gunk-shot"
"toxicroak","helping-hand"
"toxicroak","hyper-beam"
"toxicroak","ice-punch"
"toxicroak","icy-wind"
"toxicroak","knock-off"
"toxicroak","lash-out"
"toxicroak","low-kick"
"toxicroak","low-sweep"
"toxicroak","mega-kick"
"toxicroak","mud-shot"
"toxicroak","mud-slap"
"toxicroak","nasty-plot"
"toxicroak","payback"
"toxicroak","poison-jab"
"toxicroak","protect"
"toxicroak","quick-guard"
"toxicroak","rain-dance"
"toxicroak","rest"
"toxicroak","reversal"
"toxicroak","rock-slide"
"toxicroak","rock-tomb"
"toxicroak","round"
"toxicroak","scary-face"
"toxicroak","screech"
"toxicroak","shadow-ball"
"toxicroak","shadow-claw"
"toxicroak","sleep-talk"
"toxicroak","sludge-bomb"
"toxicroak","sludge-wave"
"toxicroak","snore"
"toxicroak","spite"
"toxicroak","stone-edge"
"toxicroak","substitute"
"toxicroak","sucker-punch"
"toxicroak","sunny-day"
"toxicroak","super-fang"
"toxicroak","swagger"
"toxicroak","swords-dance"
"toxicroak","taunt"
"toxicroak","thief"
"toxicroak","throat-chop"
"toxicroak","thunder-punch"
"toxicroak","toxic"
"toxicroak","upper-hand"
"toxicroak","vacuum-wave"
"toxicroak","venoshock"
"toxicroak","x-scissor"
"trevenant","ally-switch"
"trevenant","brutal-swing"
"trevenant","bulldoze"
"trevenant","burning-jealousy"
"trevenant","calm-mind"
"trevenant","confuse-ray"
"trevenant","curse"
"trevenant","dark-pulse"
"trevenant","destiny-bond"
"trevenant","dig"
"trevenant","disable"
"trevenant","drain-punch"
"trevenant","earthquake"
"trevenant","endure"
"trevenant","energy-ball"
"trevenant","facade"
"trevenant","focus-blast"
"trevenant","forests-curse"
"trevenant","foul-play"
"trevenant","giga-drain"
"trevenant","giga-impact"
"trevenant","grass-knot"
"trevenant","grassy-glide"
"trevenant","grassy-terrain"
"trevenant","growth"
"trevenant","haze"
"trevenant","hex"
"trevenant","horn-leech"
"trevenant","hyper-beam"
"trevenant","imprison"
"trevenant","ingrain"
"trevenant","knock-off"
"trevenant","lash-out"
"trevenant","leaf-storm"
"trevenant","leech-seed"
"trevenant","night-shade"
"trevenant","pain-split"
"trevenant","phantom-force"
"trevenant","poison-jab"
"trevenant","poltergeist"
"trevenant","protect"
"trevenant","psych-up"
"trevenant","psychic"
"trevenant","psychic-noise"
"trevenant","rain-dance"
"trevenant","reflect"
"trevenant","rest"
"trevenant","rock-slide"
"trevenant","round"
"trevenant","safeguard"
"trevenant","scary-face"
"trevenant","seed-bomb"
"trevenant","shadow-ball"
"trevenant","shadow-claw"
"trevenant","shadow-punch"
"trevenant","skill-swap"
"trevenant","skitter-smack"
"trevenant","sleep-talk"
"trevenant","snore"
"trevenant","solar-beam"
"trevenant","spite"
"trevenant","substitute"
"trevenant","sucker-punch"
"trevenant","sunny-day"
"trevenant","swagger"
"trevenant","thief"
"trevenant","toxic"
"trevenant","trailblaze"
"trevenant","trick"
"trevenant","trick-room"
"trevenant","will-o-wisp"
"trevenant","wood-hammer"
"trevenant","x-scissor"
"tsareena","acrobatics"
"tsareena","acupressure"
"tsareena","aromatic-mist"
"tsareena","bounce"
"tsareena","bullet-seed"
"tsareena","charm"
"tsareena","dazzling-gleam"
"tsareena","draining-kiss"
"tsareena","endeavor"
"tsareena","endure"
"tsareena","energy-ball"
"tsareena","facade"
"tsareena","flail"
"tsareena","fling"
"tsareena","giga-drain"
"tsareena","giga-impact"
"tsareena","grass-knot"
"tsareena","grassy-glide"
"tsareena","grassy-terrain"
"tsareena","helping-hand"
"tsareena","high-jump-kick"
"tsareena","hyper-beam"
"tsareena","knock-off"
"tsareena","leaf-storm"
"tsareena","light-screen"
"tsareena","low-kick"
"tsareena","low-sweep"
"tsareena","mega-kick"
"tsareena","payback"
"tsareena","petal-blizzard"
"tsareena","play-rough"
"tsareena","power-whip"
"tsareena","protect"
"tsareena","rapid-spin"
"tsareena","reflect"
"tsareena","rest"
"tsareena","round"
"tsareena","seed-bomb"
"tsareena","sleep-talk"
"tsareena","snore"
"tsareena","solar-beam"
"tsareena","solar-blade"
"tsareena","substitute"
"tsareena","sunny-day"
"tsareena","swagger"
"tsareena","sweet-scent"
"tsareena","synthesis"
"tsareena","taunt"
"tsareena","teeter-dance"
"tsareena","trailblaze"
"tsareena","triple-axel"
"tsareena","trop-kick"
"tsareena","u-turn"
"tsareena","zen-headbutt"
"typhlosion","aerial-ace"
"typhlosion","blast-burn"
"typhlosion","body-slam"
"typhlosion","brick-break"
"typhlosion","bulldoze"
"typhlosion","burn-up"
"typhlosion","burning-jealousy"
"typhlosion","covet"
"typhlosion","curse"
"typhlosion","dig"
"typhlosion","double-edge"
"typhlosion","earthquake"
"typhlosion","endeavor"
"typhlosion","endure"
"typhlosion","eruption"
"typhlosion","extrasensory"
"typhlosion","facade"
"typhlosion","fire-blast"
"typhlosion","fire-fang"
"typhlosion","fire-punch"
"typhlosion","fire-spin"
"typhlosion","flame-charge"
"typhlosion","flamethrower"
"typhlosion","flare-blitz"
"typhlosion","fling"
"typhlosion","focus-blast"
"typhlosion","focus-punch"
"typhlosion","giga-impact"
"typhlosion","gyro-ball"
"typhlosion","heat-wave"
"typhlosion","helping-hand"
"typhlosion","howl"
"typhlosion","hyper-beam"
"typhlosion","inferno"
"typhlosion","iron-head"
"typhlosion","lava-plume"
"typhlosion","low-kick"
"typhlosion","mega-kick"
"typhlosion","overheat"
"typhlosion","play-rough"
"typhlosion","protect"
"typhlosion","quick-attack"
"typhlosion","rest"
"typhlosion","reversal"
"typhlosion","roar"
"typhlosion","rock-slide"
"typhlosion","rock-tomb"
"typhlosion","round"
"typhlosion","scorching-sands"
"typhlosion","shadow-ball"
"typhlosion","shadow-claw"
"typhlosion","sleep-talk"
"typhlosion","snore"
"typhlosion","solar-beam"
"typhlosion","stomping-tantrum"
"typhlosion","substitute"
"typhlosion","sunny-day"
"typhlosion","temper-flare"
"typhlosion","throat-chop"
"typhlosion","thunder-punch"
"typhlosion","wild-charge"
"typhlosion","will-o-wisp"
"typhlosion","zen-headbutt"
"typhlosion-hisui","aerial-ace"
"typhlosion-hisui","blast-burn"
"typhlosion-hisui","body-slam"
"typhlosion-hisui","brick-break"
"typhlosion-hisui","bulldoze"
"typhlosion-hisui","burn-up"
"typhlosion-hisui","burning-jealousy"
"typhlosion-hisui","calm-mind"
"typhlosion-hisui","confuse-ray"
"typhlosion-hisui","covet"
"typhlosion-hisui","curse"
"typhlosion-hisui","dig"
"typhlosion-hisui","double-edge"
"typhlosion-hisui","earthquake"
"typhlosion-hisui","endeavor"
"typhlosion-hisui","endure"
"typhlosion-hisui","eruption"
"typhlosion-hisui","extrasensory"
"typhlosion-hisui","facade"
"typhlosion-hisui","fire-blast"
"typhlosion-hisui","fire-fang"
"typhlosion-hisui","fire-punch"
"typhlosion-hisui","fire-spin"
"typhlosion-hisui","flame-charge"
"typhlosion-hisui","flamethrower"
"typhlosion-hisui","flare-blitz"
"typhlosion-hisui","focus-blast"
"typhlosion-hisui","focus-punch"
"typhlosion-hisui","giga-impact"
"typhlosion-hisui","gyro-ball"
"typhlosion-hisui","heat-wave"
"typhlosion-hisui","hex"
"typhlosion-hisui","howl"
"typhlosion-hisui","hyper-beam"
"typhlosion-hisui","infernal-parade"
"typhlosion-hisui","inferno"
"typhlosion-hisui","iron-head"
"typhlosion-hisui","lava-plume"
"typhlosion-hisui","low-kick"
"typhlosion-hisui","mega-kick"
"typhlosion-hisui","mystical-fire"
"typhlosion-hisui","night-shade"
"typhlosion-hisui","overheat"
"typhlosion-hisui","play-rough"
"typhlosion-hisui","poltergeist"
"typhlosion-hisui","protect"
"typhlosion-hisui","quick-attack"
"typhlosion-hisui","rest"
"typhlosion-hisui","reversal"
"typhlosion-hisui","roar"
"typhlosion-hisui","rock-slide"
"typhlosion-hisui","round"
"typhlosion-hisui","shadow-ball"
"typhlosion-hisui","shadow-claw"
"typhlosion-hisui","sleep-talk"
"typhlosion-hisui","snore"
"typhlosion-hisui","solar-beam"
"typhlosion-hisui","spite"
"typhlosion-hisui","stomping-tantrum"
"typhlosion-hisui","substitute"
"typhlosion-hisui","sunny-day"
"typhlosion-hisui","temper-flare"
"typhlosion-hisui","thunder-punch"
"typhlosion-hisui","wild-charge"
"typhlosion-hisui","will-o-wisp"
"typhlosion-hisui","zen-headbutt"
"tyranitar","aerial-ace"
"tyranitar","ancient-power"
"tyranitar","assurance"
"tyranitar","avalanche"
"tyranitar","bite"
"tyranitar","blizzard"
"tyranitar","body-press"
"tyranitar","body-slam"
"tyranitar","breaking-swipe"
"tyranitar","brick-break"
"tyranitar","brutal-swing"
"tyranitar","bulldoze"
"tyranitar","crunch"
"tyranitar","curse"
"tyranitar","dark-pulse"
"tyranitar","dig"
"tyranitar","double-edge"
"tyranitar","dragon-claw"
"tyranitar","dragon-dance"
"tyranitar","dragon-pulse"
"tyranitar","dragon-tail"
"tyranitar","earth-power"
"tyranitar","earthquake"
"tyranitar","endure"
"tyranitar","facade"
"tyranitar","fire-blast"
"tyranitar","fire-fang"
"tyranitar","fire-punch"
"tyranitar","flamethrower"
"tyranitar","fling"
"tyranitar","focus-blast"
"tyranitar","focus-energy"
"tyranitar","focus-punch"
"tyranitar","foul-play"
"tyranitar","giga-impact"
"tyranitar","hard-press"
"tyranitar","heavy-slam"
"tyranitar","helping-hand"
"tyranitar","high-horsepower"
"tyranitar","hydro-pump"
"tyranitar","hyper-beam"
"tyranitar","ice-beam"
"tyranitar","ice-fang"
"tyranitar","ice-punch"
"tyranitar","icy-wind"
"tyranitar","iron-defense"
"tyranitar","iron-head"
"tyranitar","iron-tail"
"tyranitar","knock-off"
"tyranitar","lash-out"
"tyranitar","low-kick"
"tyranitar","mega-kick"
"tyranitar","mud-shot"
"tyranitar","mud-slap"
"tyranitar","muddy-water"
"tyranitar","outrage"
"tyranitar","payback"
"tyranitar","power-gem"
"tyranitar","protect"
"tyranitar","rain-dance"
"tyranitar","rest"
"tyranitar","roar"
"tyranitar","rock-blast"
"tyranitar","rock-slide"
"tyranitar","rock-tomb"
"tyranitar","round"
"tyranitar","sand-tomb"
"tyranitar","sandstorm"
"tyranitar","scary-face"
"tyranitar","screech"
"tyranitar","shadow-claw"
"tyranitar","sleep-talk"
"tyranitar","smack-down"
"tyranitar","snarl"
"tyranitar","snore"
"tyranitar","spite"
"tyranitar","stealth-rock"
"tyranitar","stomping-tantrum"
"tyranitar","stone-edge"
"tyranitar","substitute"
"tyranitar","sunny-day"
"tyranitar","superpower"
"tyranitar","surf"
"tyranitar","swagger"
"tyranitar","taunt"
"tyranitar","thrash"
"tyranitar","thunder"
"tyranitar","thunder-fang"
"tyranitar","thunder-punch"
"tyranitar","thunder-wave"
"tyranitar","thunderbolt"
"tyranitar","uproar"
"tyrantrum","ancient-power"
"tyrantrum","assurance"
"tyrantrum","attract"
"tyrantrum","bite"
"tyrantrum","body-slam"
"tyrantrum","breaking-swipe"
"tyrantrum","brick-break"
"tyrantrum","brutal-swing"
"tyrantrum","bulldoze"
"tyrantrum","charm"
"tyrantrum","close-combat"
"tyrantrum","crunch"
"tyrantrum","curse"
"tyrantrum","dark-pulse"
"tyrantrum","dig"
"tyrantrum","draco-meteor"
"tyrantrum","dragon-cheer"
"tyrantrum","dragon-claw"
"tyrantrum","dragon-dance"
"tyrantrum","dragon-pulse"
"tyrantrum","dragon-tail"
"tyrantrum","earth-power"
"tyrantrum","earthquake"
"tyrantrum","endure"
"tyrantrum","facade"
"tyrantrum","fire-fang"
"tyrantrum","giga-impact"
"tyrantrum","head-smash"
"tyrantrum","high-horsepower"
"tyrantrum","horn-drill"
"tyrantrum","hyper-beam"
"tyrantrum","hyper-voice"
"tyrantrum","ice-fang"
"tyrantrum","iron-defense"
"tyrantrum","iron-head"
"tyrantrum","iron-tail"
"tyrantrum","lash-out"
"tyrantrum","meteor-beam"
"tyrantrum","outrage"
"tyrantrum","play-rough"
"tyrantrum","poison-fang"
"tyrantrum","protect"
"tyrantrum","psychic-fangs"
"tyrantrum","rest"
"tyrantrum","roar"
"tyrantrum","rock-blast"
"tyrantrum","rock-polish"
"tyrantrum","rock-slide"
"tyrantrum","rock-tomb"
"tyrantrum","round"
"tyrantrum","sandstorm"
"tyrantrum","scale-shot"
"tyrantrum","scary-face"
"tyrantrum","sleep-talk"
"tyrantrum","snore"
"tyrantrum","stealth-rock"
"tyrantrum","stomping-tantrum"
"tyrantrum","stone-edge"
"tyrantrum","substitute"
"tyrantrum","sunny-day"
"tyrantrum","superpower"
"tyrantrum","thrash"
"tyrantrum","thunder-fang"
"tyrantrum","zen-headbutt"
"umbreon","alluring-voice"
"umbreon","assurance"
"umbreon","baby-doll-eyes"
"umbreon","baton-pass"
"umbreon","bite"
"umbreon","body-slam"
"umbreon","calm-mind"
"umbreon","charm"
"umbreon","confuse-ray"
"umbreon","copycat"
"umbreon","covet"
"umbreon","crunch"
"umbreon","curse"
"umbreon","dark-pulse"
"umbreon","detect"
"umbreon","dig"
"umbreon","double-edge"
"umbreon","endure"
"umbreon","facade"
"umbreon","fake-tears"
"umbreon","flail"
"umbreon","focus-energy"
"umbreon","foul-play"
"umbreon","giga-impact"
"umbreon","guard-swap"
"umbreon","helping-hand"
"umbreon","hyper-beam"
"umbreon","hyper-voice"
"umbreon","lash-out"
"umbreon","last-resort"
"umbreon","light-screen"
"umbreon","mean-look"
"umbreon","moonlight"
"umbreon","mud-slap"
"umbreon","payback"
"umbreon","protect"
"umbreon","psych-up"
"umbreon","psychic"
"umbreon","quick-attack"
"umbreon","rain-dance"
"umbreon","reflect"
"umbreon","rest"
"umbreon","roar"
"umbreon","round"
"umbreon","scary-face"
"umbreon","screech"
"umbreon","shadow-ball"
"umbreon","skill-swap"
"umbreon","sleep-talk"
"umbreon","snarl"
"umbreon","snore"
"umbreon","spite"
"umbreon","stored-power"
"umbreon","substitute"
"umbreon","sunny-day"
"umbreon","swagger"
"umbreon","taunt"
"umbreon","thief"
"umbreon","throat-chop"
"umbreon","thunder-wave"
"umbreon","tickle"
"umbreon","torment"
"umbreon","toxic"
"umbreon","trailblaze"
"umbreon","weather-ball"
"umbreon","wish"
"umbreon","yawn"
"vanilluxe","acid-armor"
"vanilluxe","ally-switch"
"vanilluxe","attract"
"vanilluxe","aurora-veil"
"vanilluxe","avalanche"
"vanilluxe","beat-up"
"vanilluxe","blizzard"
"vanilluxe","chilling-water"
"vanilluxe","endure"
"vanilluxe","explosion"
"vanilluxe","facade"
"vanilluxe","flash-cannon"
"vanilluxe","freeze-dry"
"vanilluxe","frost-breath"
"vanilluxe","giga-impact"
"vanilluxe","hyper-beam"
"vanilluxe","hyper-voice"
"vanilluxe","ice-beam"
"vanilluxe","ice-shard"
"vanilluxe","ice-spinner"
"vanilluxe","icicle-crash"
"vanilluxe","icicle-spear"
"vanilluxe","icy-wind"
"vanilluxe","imprison"
"vanilluxe","iron-defense"
"vanilluxe","light-screen"
"vanilluxe","magnet-rise"
"vanilluxe","mirror-coat"
"vanilluxe","protect"
"vanilluxe","rain-dance"
"vanilluxe","rest"
"vanilluxe","round"
"vanilluxe","self-destruct"
"vanilluxe","sheer-cold"
"vanilluxe","sleep-talk"
"vanilluxe","snore"
"vanilluxe","snowscape"
"vanilluxe","substitute"
"vanilluxe","taunt"
"vanilluxe","uproar"
"vanilluxe","weather-ball"
"vaporeon","acid-armor"
"vaporeon","alluring-voice"
"vaporeon","aqua-ring"
"vaporeon","baby-doll-eyes"
"vaporeon","baton-pass"
"vaporeon","bite"
"vaporeon","blizzard"
"vaporeon","body-slam"
"vaporeon","calm-mind"
"vaporeon","charm"
"vaporeon","chilling-water"
"vaporeon","copycat"
"vaporeon","covet"
"vaporeon","curse"
"vaporeon","detect"
"vaporeon","dig"
"vaporeon","dive"
"vaporeon","double-edge"
"vaporeon","endure"
"vaporeon","facade"
"vaporeon","fake-tears"
"vaporeon","flail"
"vaporeon","flip-turn"
"vaporeon","focus-energy"
"vaporeon","giga-impact"
"vaporeon","haze"
"vaporeon","helping-hand"
"vaporeon","hydro-pump"
"vaporeon","hyper-beam"
"vaporeon","hyper-voice"
"vaporeon","ice-beam"
"vaporeon","icy-wind"
"vaporeon","iron-tail"
"vaporeon","last-resort"
"vaporeon","liquidation"
"vaporeon","mud-slap"
"vaporeon","muddy-water"
"vaporeon","protect"
"vaporeon","quick-attack"
"vaporeon","rain-dance"
"vaporeon","rest"
"vaporeon","roar"
"vaporeon","round"
"vaporeon","scald"
"vaporeon","shadow-ball"
"vaporeon","sleep-talk"
"vaporeon","snore"
"vaporeon","stored-power"
"vaporeon","substitute"
"vaporeon","sunny-day"
"vaporeon","surf"
"vaporeon","tickle"
"vaporeon","trailblaze"
"vaporeon","water-pulse"
"vaporeon","waterfall"
"vaporeon","weather-ball"
"vaporeon","whirlpool"
"vaporeon","wish"
"vaporeon","yawn"
"venusaur","acid-spray"
"venusaur","amnesia"
"venusaur","body-slam"
"venusaur","bulldoze"
"venusaur","bullet-seed"
"venusaur","charm"
"venusaur","curse"
"venusaur","double-edge"
"venusaur","earth-power"
"venusaur","earthquake"
"venusaur","endure"
"venusaur","energy-ball"
"venusaur","facade"
"venusaur","frenzy-plant"
"venusaur","giga-drain"
"venusaur","giga-impact"
"venusaur","grass-knot"
"venusaur","grassy-glide"
"venusaur","grassy-terrain"
"venusaur","growth"
"venusaur","helping-hand"
"venusaur","hyper-beam"
"venusaur","ingrain"
"venusaur","knock-off"
"venusaur","leaf-storm"
"venusaur","leech-seed"
"venusaur","light-screen"
"venusaur","outrage"
"venusaur","petal-blizzard"
"venusaur","petal-dance"
"venusaur","poison-jab"
"venusaur","poison-powder"
"venusaur","power-whip"
"venusaur","protect"
"venusaur","rest"
"venusaur","roar"
"venusaur","round"
"venusaur","scary-face"
"venusaur","seed-bomb"
"venusaur","sleep-powder"
"venusaur","sleep-talk"
"venusaur","sludge-bomb"
"venusaur","sludge-wave"
"venusaur","snore"
"venusaur","solar-beam"
"venusaur","stomping-tantrum"
"venusaur","substitute"
"venusaur","sunny-day"
"venusaur","sweet-scent"
"venusaur","swords-dance"
"venusaur","synthesis"
"venusaur","terrain-pulse"
"venusaur","toxic"
"venusaur","trailblaze"
"venusaur","venoshock"
"venusaur","weather-ball"
"venusaur","worry-seed"
"victreebel","acid-spray"
"victreebel","body-slam"
"victreebel","bug-bite"
"victreebel","bullet-seed"
"victreebel","clear-smog"
"victreebel","encore"
"victreebel","endure"
"victreebel","energy-ball"
"victreebel","facade"
"victreebel","gastro-acid"
"victreebel","giga-drain"
"victreebel","giga-impact"
"victreebel","grass-knot"
"victreebel","grassy-glide"
"victreebel","growth"
"victreebel","hyper-beam"
"victreebel","ingrain"
"victreebel","knock-off"
"victreebel","leaf-blade"
"victreebel","leaf-storm"
"victreebel","leech-life"
"victreebel","lunge"
"victreebel","poison-jab"
"victreebel","poison-powder"
"victreebel","pounce"
"victreebel","power-whip"
"victreebel","protect"
"victreebel","reflect"
"victreebel","rest"
"victreebel","round"
"victreebel","scary-face"
"victreebel","seed-bomb"
"victreebel","sleep-powder"
"victreebel","sleep-talk"
"victreebel","sludge-bomb"
"victreebel","sludge-wave"
"victreebel","snore"
"victreebel","solar-beam"
"victreebel","spit-up"
"victreebel","stockpile"
"victreebel","strength-sap"
"victreebel","stun-spore"
"victreebel","substitute"
"victreebel","sucker-punch"
"victreebel","sunny-day"
"victreebel","swallow"
"victreebel","sweet-scent"
"victreebel","swords-dance"
"victreebel","synthesis"
"victreebel","thief"
"victreebel","tickle"
"victreebel","toxic"
"victreebel","toxic-spikes"
"victreebel","trailblaze"
"victreebel","venoshock"
"victreebel","weather-ball"
"victreebel","worry-seed"
"victreebel","wrap"
"vivillon","acrobatics"
"vivillon","air-cutter"
"vivillon","air-slash"
"vivillon","bug-bite"
"vivillon","bug-buzz"
"vivillon","calm-mind"
"vivillon","confuse-ray"
"vivillon","draining-kiss"
"vivillon","endure"
"vivillon","energy-ball"
"vivillon","facade"
"vivillon","giga-drain"
"vivillon","giga-impact"
"vivillon","hurricane"
"vivillon","hyper-beam"
"vivillon","iron-defense"
"vivillon","light-screen"
"vivillon","poison-powder"
"vivillon","pollen-puff"
"vivillon","pounce"
"vivillon","protect"
"vivillon","psychic"
"vivillon","quiver-dance"
"vivillon","rage-powder"
"vivillon","rain-dance"
"vivillon","rest"
"vivillon","round"
"vivillon","safeguard"
"vivillon","skitter-smack"
"vivillon","sleep-powder"
"vivillon","sleep-talk"
"vivillon","snore"
"vivillon","solar-beam"
"vivillon","string-shot"
"vivillon","struggle-bug"
"vivillon","stun-spore"
"vivillon","substitute"
"vivillon","sunny-day"
"vivillon","tailwind"
"vivillon","thief"
"vivillon","u-turn"
"vivillon","weather-ball"
"vivillon","whirlwind"
"volcarona","acrobatics"
"volcarona","air-cutter"
"volcarona","air-slash"
"volcarona","amnesia"
"volcarona","body-slam"
"volcarona","bug-bite"
"volcarona","bug-buzz"
"volcarona","calm-mind"
"volcarona","double-edge"
"volcarona","dual-wingbeat"
"volcarona","endure"
"volcarona","facade"
"volcarona","fiery-dance"
"volcarona","fire-blast"
"volcarona","fire-spin"
"volcarona","flame-charge"
"volcarona","flamethrower"
"volcarona","flare-blitz"
"volcarona","fly"
"volcarona","giga-drain"
"volcarona","giga-impact"
"volcarona","heat-wave"
"volcarona","hurricane"
"volcarona","hyper-beam"
"volcarona","leech-life"
"volcarona","light-screen"
"volcarona","lunge"
"volcarona","morning-sun"
"volcarona","mystical-fire"
"volcarona","overheat"
"volcarona","poison-jab"
"volcarona","pounce"
"volcarona","protect"
"volcarona","psychic"
"volcarona","quiver-dance"
"volcarona","rage-powder"
"volcarona","rain-dance"
"volcarona","rest"
"volcarona","round"
"volcarona","safeguard"
"volcarona","screech"
"volcarona","skitter-smack"
"volcarona","sleep-talk"
"volcarona","snore"
"volcarona","solar-beam"
"volcarona","string-shot"
"volcarona","struggle-bug"
"volcarona","substitute"
"volcarona","sunny-day"
"volcarona","tailwind"
"volcarona","thrash"
"volcarona","trailblaze"
"volcarona","u-turn"
"volcarona","whirlwind"
"volcarona","wild-charge"
"volcarona","will-o-wisp"
"volcarona","zen-headbutt"
"watchog","after-you"
"watchog","assurance"
"watchog","attract"
"watchog","baton-pass"
"watchog","bite"
"watchog","bullet-seed"
"watchog","confuse-ray"
"watchog","crunch"
"watchog","detect"
"watchog","dig"
"watchog","double-edge"
"watchog","endure"
"watchog","facade"
"watchog","fire-punch"
"watchog","flamethrower"
"watchog","fling"
"watchog","focus-blast"
"watchog","focus-energy"
"watchog","giga-impact"
"watchog","grass-knot"
"watchog","gunk-shot"
"watchog","helping-hand"
"watchog","hyper-beam"
"watchog","hypnosis"
"watchog","ice-punch"
"watchog","iron-tail"
"watchog","light-screen"
"watchog","low-kick"
"watchog","mean-look"
"watchog","mud-shot"
"watchog","nasty-plot"
"watchog","protect"
"watchog","psych-up"
"watchog","rain-dance"
"watchog","rest"
"watchog","round"
"watchog","screech"
"watchog","seed-bomb"
"watchog","shadow-ball"
"watchog","sleep-talk"
"watchog","snore"
"watchog","stomping-tantrum"
"watchog","substitute"
"watchog","sunny-day"
"watchog","super-fang"
"watchog","swords-dance"
"watchog","thunder"
"watchog","thunder-punch"
"watchog","thunder-wave"
"watchog","thunderbolt"
"watchog","trailblaze"
"watchog","zen-headbutt"
"weavile","aerial-ace"
"weavile","agility"
"weavile","assurance"
"weavile","avalanche"
"weavile","baton-pass"
"weavile","beat-up"
"weavile","bite"
"weavile","blizzard"
"weavile","brick-break"
"weavile","calm-mind"
"weavile","chilling-water"
"weavile","counter"
"weavile","dark-pulse"
"weavile","dig"
"weavile","double-hit"
"weavile","endure"
"weavile","facade"
"weavile","fake-out"
"weavile","fake-tears"
"weavile","feint"
"weavile","fling"
"weavile","focus-blast"
"weavile","focus-punch"
"weavile","foul-play"
"weavile","giga-impact"
"weavile","helping-hand"
"weavile","hyper-beam"
"weavile","ice-beam"
"weavile","ice-punch"
"weavile","ice-shard"
"weavile","ice-spinner"
"weavile","icicle-crash"
"weavile","icicle-spear"
"weavile","icy-wind"
"weavile","knock-off"
"weavile","lash-out"
"weavile","low-kick"
"weavile","low-sweep"
"weavile","mega-kick"
"weavile","nasty-plot"
"weavile","night-slash"
"weavile","payback"
"weavile","poison-jab"
"weavile","protect"
"weavile","psycho-cut"
"weavile","quick-attack"
"weavile","rain-dance"
"weavile","reflect"
"weavile","rest"
"weavile","reversal"
"weavile","round"
"weavile","scary-face"
"weavile","screech"
"weavile","shadow-ball"
"weavile","shadow-claw"
"weavile","sleep-talk"
"weavile","snarl"
"weavile","snore"
"weavile","snowscape"
"weavile","spite"
"weavile","substitute"
"weavile","sunny-day"
"weavile","surf"
"weavile","swords-dance"
"weavile","taunt"
"weavile","thief"
"weavile","throat-chop"
"weavile","trailblaze"
"weavile","triple-axel"
"weavile","upper-hand"
"weavile","water-pulse"
"weavile","x-scissor"
"whimsicott","attract"
"whimsicott","beat-up"
"whimsicott","charm"
"whimsicott","cotton-guard"
"whimsicott","cotton-spore"
"whimsicott","dazzling-gleam"
"whimsicott","encore"
"whimsicott","endeavor"
"whimsicott","endure"
"whimsicott","energy-ball"
"whimsicott","facade"
"whimsicott","fake-tears"
"whimsicott","fling"
"whimsicott","giga-drain"
"whimsicott","giga-impact"
"whimsicott","grass-knot"
"whimsicott","grassy-glide"
"whimsicott","grassy-terrain"
"whimsicott","growth"
"whimsicott","helping-hand"
"whimsicott","hurricane"
"whimsicott","hyper-beam"
"whimsicott","leech-seed"
"whimsicott","light-screen"
"whimsicott","memento"
"whimsicott","misty-terrain"
"whimsicott","moonblast"
"whimsicott","play-rough"
"whimsicott","poison-powder"
"whimsicott","protect"
"whimsicott","psychic"
"whimsicott","rest"
"whimsicott","round"
"whimsicott","safeguard"
"whimsicott","seed-bomb"
"whimsicott","shadow-ball"
"whimsicott","sleep-talk"
"whimsicott","snore"
"whimsicott","solar-beam"
"whimsicott","stun-spore"
"whimsicott","substitute"
"whimsicott","sunny-day"
"whimsicott","switcheroo"
"whimsicott","tailwind"
"whimsicott","taunt"
"whimsicott","thief"
"whimsicott","tickle"
"whimsicott","trick-room"
"whimsicott","u-turn"
"whimsicott","worry-seed"
"wyrdeer","agility"
"wyrdeer","bite"
"wyrdeer","body-slam"
"wyrdeer","bulldoze"
"wyrdeer","calm-mind"
"wyrdeer","charge-beam"
"wyrdeer","confuse-ray"
"wyrdeer","curse"
"wyrdeer","dig"
"wyrdeer","disable"
"wyrdeer","double-edge"
"wyrdeer","earth-power"
"wyrdeer","earthquake"
"wyrdeer","endure"
"wyrdeer","energy-ball"
"wyrdeer","expanding-force"
"wyrdeer","extrasensory"
"wyrdeer","facade"
"wyrdeer","future-sight"
"wyrdeer","giga-impact"
"wyrdeer","gravity"
"wyrdeer","helping-hand"
"wyrdeer","high-horsepower"
"wyrdeer","hyper-beam"
"wyrdeer","hypnosis"
"wyrdeer","imprison"
"wyrdeer","light-screen"
"wyrdeer","lunge"
"wyrdeer","megahorn"
"wyrdeer","protect"
"wyrdeer","psych-up"
"wyrdeer","psychic"
"wyrdeer","psychic-noise"
"wyrdeer","psyshield-bash"
"wyrdeer","psyshock"
"wyrdeer","rain-dance"
"wyrdeer","reflect"
"wyrdeer","rest"
"wyrdeer","roar"
"wyrdeer","role-play"
"wyrdeer","scary-face"
"wyrdeer","shadow-ball"
"wyrdeer","skill-swap"
"wyrdeer","sleep-talk"
"wyrdeer","solar-beam"
"wyrdeer","spite"
"wyrdeer","stored-power"
"wyrdeer","substitute"
"wyrdeer","sunny-day"
"wyrdeer","thief"
"wyrdeer","thrash"
"wyrdeer","throat-chop"
"wyrdeer","thunder"
"wyrdeer","thunder-wave"
"wyrdeer","thunderbolt"
"wyrdeer","trailblaze"
"wyrdeer","trick"
"wyrdeer","trick-room"
"wyrdeer","uproar"
"wyrdeer","wild-charge"
"wyrdeer","zen-headbutt"
"zoroark","aerial-ace"
"zoroark","agility"
"zoroark","assurance"
"zoroark","body-slam"
"zoroark","bounce"
"zoroark","brick-break"
"zoroark","burning-jealousy"
"zoroark","calm-mind"
"zoroark","confuse-ray"
"zoroark","counter"
"zoroark","crunch"
"zoroark","dark-pulse"
"zoroark","detect"
"zoroark","dig"
"zoroark","encore"
"zoroark","endure"
"zoroark","extrasensory"
"zoroark","facade"
"zoroark","fake-tears"
"zoroark","flamethrower"
"zoroark","fling"
"zoroark","focus-blast"
"zoroark","foul-play"
"zoroark","giga-impact"
"zoroark","grass-knot"
"zoroark","helping-hand"
"zoroark","hex"
"zoroark","hyper-beam"
"zoroark","hyper-voice"
"zoroark","imprison"
"zoroark","knock-off"
"zoroark","lash-out"
"zoroark","low-kick"
"zoroark","low-sweep"
"zoroark","mega-kick"
"zoroark","memento"
"zoroark","nasty-plot"
"zoroark","night-daze"
"zoroark","night-shade"
"zoroark","night-slash"
"zoroark","pain-split"
"zoroark","payback"
"zoroark","protect"
"zoroark","psych-up"
"zoroark","psychic"
"zoroark","rain-dance"
"zoroark","rest"
"zoroark","roar"
"zoroark","round"
"zoroark","scary-face"
"zoroark","shadow-ball"
"zoroark","shadow-claw"
"zoroark","skitter-smack"
"zoroark","sleep-talk"
"zoroark","sludge-bomb"
"zoroark","snarl"
"zoroark","snore"
"zoroark","spite"
"zoroark","substitute"
"zoroark","sucker-punch"
"zoroark","sunny-day"
"zoroark","swords-dance"
"zoroark","taunt"
"zoroark","thief"
"zoroark","throat-chop"
"zoroark","torment"
"zoroark","toxic"
"zoroark","trick"
"zoroark","u-turn"
"zoroark","uproar"
"zoroark-hisui","aerial-ace"
"zoroark-hisui","agility"
"zoroark-hisui","assurance"
"zoroark-hisui","bitter-malice"
"zoroark-hisui","body-slam"
"zoroark-hisui","bounce"
"zoroark-hisui","brick-break"
"zoroark-hisui","burning-jealousy"
"zoroark-hisui","calm-mind"
"zoroark-hisui","comeuppance"
"zoroark-hisui","confuse-ray"
"zoroark-hisui","crunch"
"zoroark-hisui","curse"
"zoroark-hisui","dark-pulse"
"zoroark-hisui","detect"
"zoroark-hisui","dig"
"zoroark-hisui","endure"
"zoroark-hisui","extrasensory"
"zoroark-hisui","facade"
"zoroark-hisui","fake-tears"
"zoroark-hisui","flamethrower"
"zoroark-hisui","fling"
"zoroark-hisui","focus-blast"
"zoroark-hisui","focus-punch"
"zoroark-hisui","foul-play"
"zoroark-hisui","giga-impact"
"zoroark-hisui","grass-knot"
"zoroark-hisui","helping-hand"
"zoroark-hisui","hex"
"zoroark-hisui","hyper-beam"
"zoroark-hisui","hyper-voice"
"zoroark-hisui","icy-wind"
"zoroark-hisui","imprison"
"zoroark-hisui","knock-off"
"zoroark-hisui","lash-out"
"zoroark-hisui","low-kick"
"zoroark-hisui","low-sweep"
"zoroark-hisui","mega-kick"
"zoroark-hisui","memento"
"zoroark-hisui","nasty-plot"
"zoroark-hisui","night-shade"
"zoroark-hisui","pain-split"
"zoroark-hisui","payback"
"zoroark-hisui","phantom-force"
"zoroark-hisui","poltergeist"
"zoroark-hisui","protect"
"zoroark-hisui","psych-up"
"zoroark-hisui","psychic"
"zoroark-hisui","rain-dance"
"zoroark-hisui","rest"
"zoroark-hisui","roar"
"zoroark-hisui","round"
"zoroark-hisui","scary-face"
"zoroark-hisui","shadow-ball"
"zoroark-hisui","shadow-claw"
"zoroark-hisui","shadow-sneak"
"zoroark-hisui","skitter-smack"
"zoroark-hisui","sleep-talk"
"zoroark-hisui","sludge-bomb"
"zoroark-hisui","snarl"
"zoroark-hisui","snore"
"zoroark-hisui","snowscape"
"zoroark-hisui","spite"
"zoroark-hisui","substitute"
"zoroark-hisui","swords-dance"
"zoroark-hisui","taunt"
"zoroark-hisui","thief"
"zoroark-hisui","throat-chop"
"zoroark-hisui","torment"
"zoroark-hisui","trick"
"zoroark-hisui","u-turn"
"zoroark-hisui","uproar"
"zoroark-hisui","will-o-wisp"
